[ {
  "id" : "e261bfe0-f8a5-11e9-a827-95123b186854-0",
  "name" : "doc1.txt",
  "createdDate" : 0,
  "text" : "Empregador: Yago e Analu Publicidade e Propaganda Ltda, com sede em Brasília, na Rua Avenida João F. Abreu, s/n, bairro Arnaldino da Silva, CEP 213213433, no estado Rio de Janeiro, inscrito no CNPJ sob o nº 37.653.952/0001-14, neste ato representado pelo Lumdguhe Gellferd, cargo Executivo, Carteira de Identidade nº 17.320.769-8, CPF nº 18964737091, residente e domiciliado na rua Avenida João F. Abreu, s/n, bairro Jardim Guaicurus, CEP 90000-000, cidade Florianópolis, no estado MG;\r\n\r\nEmpregado de nome Kurzgramph Anze, Viúvo(a), residente e domiciliado na Rua Siqueira Mendes 1278, bairro Monte Carlo, de CEP 77480-970, na Cidade Campinas do estado de Rio de Janeiro, de CPF 036.762.390-08, RG 41.322.916-6, Carteira de Trabalho nº 421257 12311-SP.\r\n\r\nAs partes identificadas acima celebram entre si o presente contrato de trabalho por prazo indeterminado, regido pelas cláusulas seguintes e demais disposições legais vigentes:\r\n\r\n\r\n\r\nDAS DISPOSIÇÕES LEGAIS\r\n\r\nCláusula 1ª – O presente contrato de trabalho por prazo indeterminado tem como fundamento a Consolidação das Leis do Trabalho (CLT).\r\n\r\nDO OBJETIVO\r\n\r\nCláusula 2ª - O empregador admite aos seus serviços, na modalidade de contrato de trabalho por tempo indeterminado o empregado, na função de programador.\r\n\r\nDO LOCAL E DAS CONDIÇÕES DE TRABALHO\r\n\r\nCláusula 3º - O local de trabalho será na filial da empresa localizada em Rio de Janeiro, podendo o empregador, a qualquer momento, transferir o empregado em caráter definitivo ou temporário, para outra unidade/filial/estabelecimento, em qualquer localidade deste Estado ou de outro dentro do país.\r\n\r\nDA VIGÊNCIA DO CONTRATO DE TRABALHO\r\n\r\nCláusula 4º - O presente contrato terá duração por prazo indeterminado, sendo assegurado às partes o direito de rescisão a qualquer momento, obrigando-se a parte que desejar rescindi-lo, comunicar a outra com aviso-prévio mínimo de 26 dias.\r\n\r\nDA JORNADA DE TRABALHO\r\n\r\nCláusula 5ª – O trabalho executado pelo empregado consistirá na jornada diária de 8 horas de 9:00 a 22:00, na Segunda, terça, quinta e sexta-feira, com intervalo para repouso/refeição, das 14:00 a 14:00, perfazendo um total de 32 horas semanais.\r\n\r\nDA REMUNERAÇÃO\r\n\r\nCláusula 6ª - O empregado receberá a quantia mensal de R$ oitocentos, efetuados os devidos descontos permitidos por lei.",
  "status" : "IN_PROGRESS",
  "modifiedDate" : 1572173571517
}, {
  "id" : "e261bfe0-f8a5-11e9-a827-95123b186854-1",
  "name" : "doc2.txt",
  "createdDate" : 0,
  "text" : "Empregador: JJ Advogados SA, sediado em Brasília, no endereço Avenida Contorno 440, bairro Arnaldino da Silva, de CEP nº 123454212, MS, sob CNPJ 37.653.952/0001-14, neste ato representado pelo Sr. Bofgia Djkstra, de cargo Vice-presidente, RG nº 61715004027, CPF 036.762.390-08, domiciliado na rua Siqueira Mendes 1278, bairro Marabaixo, CEP 213213433, cidade São José dos Campos, no estado Acre;\r\n\r\nEmpregado de nome Kurzgramph Xeopi, solteiro, residente e domiciliado na Rua Projetada, s/n, bairro Jardim Atlântico Leste (Itaipuaçu), de CEP 213213433, na Cidade São Paulo do estado de SC, de CPF 036.762.390-08, RG 45546623063, Carteira de Trabalho nº 029384 00102-SP.\r\n\r\nAs partes identificadas acima celebram entre si o presente contrato de trabalho por prazo indeterminado, regido pelas cláusulas seguintes e demais disposições legais vigentes:\r\n\r\n\r\n\r\nDAS DISPOSIÇÕES LEGAIS\r\n\r\nCláusula 1ª – O presente contrato de trabalho por prazo indeterminado tem como fundamento a Consolidação das Leis do Trabalho (CLT).\r\n\r\nDO OBJETIVO\r\n\r\nCláusula 2ª - O empregador admite aos seus serviços, na modalidade de contrato de trabalho por tempo indeterminado o empregado, na função de consultor.\r\n\r\nDO LOCAL E DAS CONDIÇÕES DE TRABALHO\r\n\r\nCláusula 3º - O local de trabalho será na filial da empresa localizada em Carapicuiba, podendo o empregador, a qualquer momento, transferir o empregado em caráter definitivo ou temporário, para outra unidade/filial/estabelecimento, em qualquer localidade deste Estado ou de outro dentro do país.\r\n\r\nDA VIGÊNCIA DO CONTRATO DE TRABALHO\r\n\r\nCláusula 4º - O presente contrato terá duração por prazo indeterminado, sendo assegurado às partes o direito de rescisão a qualquer momento, obrigando-se a parte que desejar rescindi-lo, comunicar a outra com aviso-prévio mínimo de 24 dias.\r\n\r\nDA JORNADA DE TRABALHO\r\n\r\nCláusula 5ª – O trabalho executado pelo empregado consistirá na jornada diária de 8 horas de 12:00 a 21:00, na Segunda a sexta, com intervalo para repouso/refeição, das 13:00 a 14:00, perfazendo um total de 40 horas semanais.\r\n\r\nDA REMUNERAÇÃO\r\n\r\nCláusula 6ª - O empregado receberá a quantia horária de oitocentos reais, efetuados os devidos descontos permitidos por lei.",
  "status" : "IN_PROGRESS",
  "modifiedDate" : 1572208708791
}, {
  "id" : "e261bfe0-f8a5-11e9-a827-95123b186854-2",
  "name" : "doc3.txt",
  "createdDate" : 0,
  "text" : "Empregador: Yago e Analu Publicidade e Propaganda Ltda, empresa do estado de RJ, com sede em Porto Velho, endereço Avenida Contorno 440, bairro Congós, CEP 213213433, inscrita sob CNPJ 81.226.718/0001-00, neste ato representado pelo Sr. Bofgia Zyoir, RG 41.322.916-6, CPF nº 67007843018, residente no endereço Avenida Prefeito Rolando Moreira 336, bairro Congós, CEP 77693-970, cidade Florianópolis, no estado Acre;\r\n\r\nEmpregado Bofgia Zyoir, padeiro, Viúvo(a), morador de Porto Velho, com residência no bairro Pe Pequeno, rua Rua Coimbra, no estado de Santa Catarina. Possui carteira de identidade número 22.861.450-8, cpf 58163450010, e CTPS 029384 série 00454-SP.\r\n\r\nAs partes identificadas acima celebram entre si o presente contrato de trabalho por prazo indeterminado, regido pelas cláusulas seguintes e demais disposições legais vigentes:\r\n\r\n\r\n\r\nDAS DISPOSIÇÕES LEGAIS\r\n\r\nCláusula 1ª – O presente contrato de trabalho por prazo indeterminado tem como fundamento a Consolidação das Leis do Trabalho (CLT).\r\n\r\nDO OBJETIVO\r\n\r\nCláusula 2ª - O empregador admite aos seus serviços, na modalidade de contrato de trabalho por tempo indeterminado o empregado, na função de técnico de TI.\r\n\r\nDO LOCAL E DAS CONDIÇÕES DE TRABALHO\r\n\r\nCláusula 3º - O local de trabalho será na filial da empresa localizada em Campinas, podendo o empregador, a qualquer momento, transferir o empregado em caráter definitivo ou temporário, para outra unidade/filial/estabelecimento, em qualquer localidade deste Estado ou de outro dentro do país.\r\n\r\nDA JORNADA DE TRABALHO\r\n\r\nCláusula 4ª – O trabalho executado pelo empregado consistirá na jornada diária de 7 horas de 10:00 a 19:00, na Segunda a sexta, com intervalo para repouso/refeição, das 14:00 a 14:00, perfazendo um total de 35 horas semanais.\r\n\r\nDA REMUNERAÇÃO\r\n\r\nCláusula 5ª - O empregado receberá a quantia diária de oitocentos reais, efetuados os devidos descontos permitidos por lei.\r\n\r\nDA VIGÊNCIA DO CONTRATO DE TRABALHO\r\n\r\nCláusula 6º - O presente contrato terá duração por prazo indeterminado, sendo assegurado às partes o direito de rescisão a qualquer momento, obrigando-se a parte que desejar rescindi-lo, comunicar a outra com aviso-prévio mínimo de 13 dias.",
  "status" : "IN_PROGRESS",
  "modifiedDate" : 1572208166877
}, {
  "id" : "e261bfe0-f8a5-11e9-a827-95123b186854-3",
  "name" : "doc4.txt",
  "createdDate" : 0,
  "text" : "Empregador: Breno e Analu Assessoria Jurídica Ltda, empresa do estado de MG, com sede em Santa Maria, endereço Nossa Senhora da Conceição 50, bairro Jardim Primavera, CEP 123454212, inscrita sob CNPJ 37.653.952/0001-14, neste ato representado pelo Sr. Shakda Gellferd, RG 22.861.450-8, CPF nº 18964737091, residente no endereço Avenida Prefeito Rolando Moreira 336, bairro Marabaixo, CEP 77480-970, cidade Carapicuiba, no estado Acre;\r\n\r\nEmpregado Lumdguhe Zeissa, programador, casado, morador de São José dos Campos, com residência no bairro Pe Pequeno, rua Nossa Senhora da Conceição 50, no estado de MS. Possui carteira de identidade número 43.763.224-6, cpf 67007843018, e CTPS 111234 série 00000-AC.\r\n\r\nAs partes identificadas acima celebram entre si o presente contrato de trabalho por prazo indeterminado, regido pelas cláusulas seguintes e demais disposições legais vigentes:\r\n\r\n\r\n\r\nDAS DISPOSIÇÕES LEGAIS\r\n\r\nCláusula 1ª – O presente contrato de trabalho por prazo indeterminado tem como fundamento a Consolidação das Leis do Trabalho (CLT).\r\n\r\nDO LOCAL E DAS CONDIÇÕES DE TRABALHO\r\n\r\nCláusula 2º - O local de trabalho será na filial da empresa localizada em Rio de Janeiro, podendo o empregador, a qualquer momento, transferir o empregado em caráter definitivo ou temporário, para outra unidade/filial/estabelecimento, em qualquer localidade deste Estado ou de outro dentro do país.\r\n\r\nDA JORNADA DE TRABALHO\r\n\r\n\r\n\r\nDO OBJETIVO\r\n\r\nCláusula 3ª - O empregador admite aos seus serviços, na modalidade de contrato de trabalho por tempo indeterminado o empregado, na função de eletricista.Cláusula 4ª – O trabalho executado pelo empregado consistirá na jornada diária de 11 horas de 12:00 a 20:00, na Segunda a sexta, com intervalo para repouso/refeição, das 14:00 a 15:00, perfazendo um total de 55 horas semanais.\r\n\r\nDA VIGÊNCIA DO CONTRATO DE TRABALHO\r\n\r\nCláusula 5º - O presente contrato terá duração por prazo indeterminado, sendo assegurado às partes o direito de rescisão a qualquer momento, obrigando-se a parte que desejar rescindi-lo, comunicar a outra com aviso-prévio mínimo de 44 dias.\r\n\r\nDA REMUNERAÇÃO\r\n\r\nCláusula 6ª - O empregado receberá a quantia horária de nove mil e cinquenta reais, efetuados os devidos descontos permitidos por lei.",
  "status" : "IN_PROGRESS",
  "modifiedDate" : 1572207679194
}, {
  "id" : "e261bfe0-f8a5-11e9-a827-95123b186854-4",
  "name" : "doc5.txt",
  "createdDate" : 0,
  "text" : "Empregador: XAL Informática Ltda, sediado em São José dos Campos, no endereço Praça Coronel Reis, s/n, bairro Marabaixo, de CEP nº 77480-970, Santa Catarina, sob CNPJ 37.653.952/0001-14, neste ato representado pelo Sr. Aldewo Mepiauns, de cargo Presidente, RG nº 22.861.450-8, CPF 18964737091, domiciliado na rua Avenida João F. Abreu, s/n, bairro Marabaixo, CEP 77480-970, cidade São Paulo, no estado Santa Catarina;\r\n\r\nEmpregado: Gramsehye Xeopi, viuvo, encanador, de Carteira de Identidade nº 12.369.234-9, CPF nº 036.762.390-08, Carteira de Trabalho nº 111234 e série 12311-SP, residente e domiciliado na Rua Projetada, s/n, bairro Jardim Primavera, de CEP 129000-123, na Cidade Carapicuiba do estado de MT.\r\n\r\nAs partes identificadas acima celebram entre si o presente contrato de trabalho por prazo indeterminado, regido pelas cláusulas seguintes e demais disposições legais vigentes:\r\n\r\n\r\n\r\nDAS DISPOSIÇÕES LEGAIS\r\n\r\nCláusula 1ª – O presente contrato de trabalho por prazo indeterminado tem como fundamento a Consolidação das Leis do Trabalho (CLT).\r\n\r\nDO OBJETIVO\r\n\r\nCláusula 2ª - O empregador admite aos seus serviços, na modalidade de contrato de trabalho por tempo indeterminado o empregado, na função de consultor.\r\n\r\nDO LOCAL E DAS CONDIÇÕES DE TRABALHO\r\n\r\n\r\n\r\nDA JORNADA DE TRABALHO\r\n\r\nCláusula 3ª – O trabalho executado pelo empregado consistirá na jornada diária de 10 horas de 10:00 a 22:00, na Segunda, terça, quinta e sexta-feira, com intervalo para repouso/refeição, das 14:00 a 14:00, perfazendo um total de 40 horas semanais.Cláusula 4º - O local de trabalho será na filial da empresa localizada em Santa Maria, podendo o empregador, a qualquer momento, transferir o empregado em caráter definitivo ou temporário, para outra unidade/filial/estabelecimento, em qualquer localidade deste Estado ou de outro dentro do país.\r\n\r\nDA VIGÊNCIA DO CONTRATO DE TRABALHO\r\n\r\nCláusula 5º - O presente contrato terá duração por prazo indeterminado, sendo assegurado às partes o direito de rescisão a qualquer momento, obrigando-se a parte que desejar rescindi-lo, comunicar a outra com aviso-prévio mínimo de 45 dias.\r\n\r\nDA REMUNERAÇÃO\r\n\r\nCláusula 6ª - O empregado receberá a quantia horária de R$ cem mil, efetuados os devidos descontos permitidos por lei.",
  "status" : "IN_PROGRESS",
  "modifiedDate" : 1572206981981
}, {
  "id" : "e261bfe0-f8a5-11e9-a827-95123b186854-5",
  "name" : "doc6.txt",
  "createdDate" : 0,
  "text" : "Empregador: XAL Informática Ltda, empresa do estado de RJ, com sede em Campinas, endereço Rua Coimbra, bairro Jardim Paulista, CEP 90000-000, inscrita sob CNPJ 52.108.299/0001-04, neste ato representado pelo Sr. Bofgia Xeopi, RG 61715004027, CPF nº 465.052.620-59, residente no endereço Avenida João F. Abreu, s/n, bairro Conjunto Residencial Recanto dos Rouxinóis, CEP 90000-000, cidade São José dos Campos, no estado Acre;\r\n\r\nEmpregado Bofgia Viogu, técnico de TI, Casado(a), morador de Campinas, com residência no bairro Jardim Guaicurus, rua Avenida Prefeito Rolando Moreira 336, no estado de MT. Possui carteira de identidade número 17.320.769-8, cpf 58163450010, e CTPS 029384 série 00123-SC.\r\n\r\nAs partes identificadas acima celebram entre si o presente contrato de trabalho por prazo indeterminado, regido pelas cláusulas seguintes e demais disposições legais vigentes:\r\n\r\n\r\n\r\nDAS DISPOSIÇÕES LEGAIS\r\n\r\nCláusula 1ª – O presente contrato de trabalho por prazo indeterminado tem como fundamento a Consolidação das Leis do Trabalho (CLT).\r\n\r\nDO OBJETIVO\r\n\r\nCláusula 2ª - O empregador admite aos seus serviços, na modalidade de contrato de trabalho por tempo indeterminado o empregado, na função de encanador.\r\n\r\nDO LOCAL E DAS CONDIÇÕES DE TRABALHO\r\n\r\nCláusula 3º - O local de trabalho será na filial da empresa localizada em Florianópolis, podendo o empregador, a qualquer momento, transferir o empregado em caráter definitivo ou temporário, para outra unidade/filial/estabelecimento, em qualquer localidade deste Estado ou de outro dentro do país.\r\n\r\nDA VIGÊNCIA DO CONTRATO DE TRABALHO\r\n\r\nCláusula 4º - O presente contrato terá duração por prazo indeterminado, sendo assegurado às partes o direito de rescisão a qualquer momento, obrigando-se a parte que desejar rescindi-lo, comunicar a outra com aviso-prévio mínimo de 35 dias.\r\n\r\nDA JORNADA DE TRABALHO\r\n\r\nCláusula 5ª – O trabalho executado pelo empregado consistirá na jornada diária de 7 horas de 8:00 a 18:00, na Segunda, terça, quinta e sexta-feira, com intervalo para repouso/refeição, das 14:00 a 14:00, perfazendo um total de 28 horas semanais.\r\n\r\nDA REMUNERAÇÃO\r\n\r\nCláusula 6ª - O empregado receberá a quantia horária de R$ um milhão e novecentos mil, efetuados os devidos descontos permitidos por lei.",
  "status" : "IN_PROGRESS",
  "modifiedDate" : 1572175883437
}, {
  "id" : "e261bfe0-f8a5-11e9-a827-95123b186854-6",
  "name" : "doc7.txt",
  "createdDate" : 0,
  "text" : "Empregador: RapidX Mudanças ME, sediado em Três Lagoas, no endereço Espírito Santo 104, bairro Jardim Primavera, de CEP nº 77693-970, Rio de Janeiro, sob CNPJ 53.357.854/0001-96, neste ato representado pelo Sr. Lumdguhe Zyoir, de cargo gerente, RG nº 12.369.234-9, CPF 036.762.390-08, domiciliado na rua Avenida Contorno 440, bairro Jardim Primavera, CEP 68527-970, cidade Santa Maria, no estado SC;\r\n\r\nEmpregado Kulyosa Anze, advogado, Solteiro(a), morador de São Paulo, com residência no bairro Jardim Atlântico Leste (Itaipuaçu), rua Darci Alves de Oliveira 195, no estado de RJ. Possui carteira de identidade número 61715004027, cpf 572.831.170-91, e CTPS 273849 série 00123-SC.\r\n\r\nAs partes identificadas acima celebram entre si o presente contrato de trabalho por prazo indeterminado, regido pelas cláusulas seguintes e demais disposições legais vigentes:\r\n\r\n\r\n\r\nDAS DISPOSIÇÕES LEGAIS\r\n\r\nCláusula 1ª – O presente contrato de trabalho por prazo indeterminado tem como fundamento a Consolidação das Leis do Trabalho (CLT).\r\n\r\nDO OBJETIVO\r\n\r\nCláusula 2ª - O empregador admite aos seus serviços, na modalidade de contrato de trabalho por tempo indeterminado o empregado, na função de advogado.\r\n\r\nDO LOCAL E DAS CONDIÇÕES DE TRABALHO\r\n\r\nCláusula 3º - O local de trabalho será na filial da empresa localizada em Santa Maria, podendo o empregador, a qualquer momento, transferir o empregado em caráter definitivo ou temporário, para outra unidade/filial/estabelecimento, em qualquer localidade deste Estado ou de outro dentro do país.\r\n\r\nDA VIGÊNCIA DO CONTRATO DE TRABALHO\r\n\r\nCláusula 4º - O presente contrato terá duração por prazo indeterminado, sendo assegurado às partes o direito de rescisão a qualquer momento, obrigando-se a parte que desejar rescindi-lo, comunicar a outra com aviso-prévio mínimo de 44 dias.\r\n\r\nDA JORNADA DE TRABALHO\r\n\r\nCláusula 5ª – O trabalho executado pelo empregado consistirá na jornada diária de 6 horas de 9:00 a 21:00, na Segunda a sexta, com intervalo para repouso/refeição, das 14:00 a 14:00, perfazendo um total de 30 horas semanais.\r\n\r\nDA REMUNERAÇÃO\r\n\r\nCláusula 6ª - O empregado receberá a quantia mensal de nove mil e cinquenta reais, efetuados os devidos descontos permitidos por lei.",
  "status" : "IN_PROGRESS",
  "modifiedDate" : 1572175457272
}, {
  "id" : "e261bfe0-f8a5-11e9-a827-95123b186854-7",
  "name" : "doc8.txt",
  "createdDate" : 0,
  "text" : "Empregador: Andreteza Comercio de Bebidas ME, com sede em Três Lagoas, na Rua Avenida Contorno 440, bairro Congós, CEP 90000-000, no estado SP, inscrito no CNPJ sob o nº 53.357.854/0001-96, neste ato representado pelo Pufuring Viogu, cargo vice-presidente, Carteira de Identidade nº 61715004027, CPF nº 369.009.700-28, residente e domiciliado na rua Avenida Contorno 440, bairro Jardim Paulista, CEP 129000-123, cidade Florianópolis, no estado Rio de Janeiro;\r\n\r\nEmpregado Geolpio Anze, engenheiro, viuvo, morador de São José dos Campos, com residência no bairro Conjunto Residencial Recanto dos Rouxinóis, rua Avenida João F. Abreu, s/n, no estado de Rondônia. Possui carteira de identidade número 43.763.224-6, cpf 572.831.170-91, e CTPS 111234 série 00102-SP.\r\n\r\nAs partes identificadas acima celebram entre si o presente contrato de trabalho por prazo indeterminado, regido pelas cláusulas seguintes e demais disposições legais vigentes:\r\n\r\n\r\n\r\nDAS DISPOSIÇÕES LEGAIS\r\n\r\nCláusula 1ª – O presente contrato de trabalho por prazo indeterminado tem como fundamento a Consolidação das Leis do Trabalho (CLT).\r\n\r\nDO OBJETIVO\r\n\r\nCláusula 2ª - O empregador admite aos seus serviços, na modalidade de contrato de trabalho por tempo indeterminado o empregado, na função de consultor.\r\n\r\nDO LOCAL E DAS CONDIÇÕES DE TRABALHO\r\n\r\nCláusula 3º - O local de trabalho será na filial da empresa localizada em São José dos Campos, podendo o empregador, a qualquer momento, transferir o empregado em caráter definitivo ou temporário, para outra unidade/filial/estabelecimento, em qualquer localidade deste Estado ou de outro dentro do país.\r\n\r\nDA JORNADA DE TRABALHO\r\n\r\nCláusula 4ª – O trabalho executado pelo empregado consistirá na jornada diária de 8 horas de 11:00 a 21:00, na Segunda a sexta, com intervalo para repouso/refeição, das 13:00 a 15:00, perfazendo um total de 40 horas semanais.\r\n\r\nDA REMUNERAÇÃO\r\n\r\nCláusula 5ª - O empregado receberá a quantia mensal de dois mil e trezentos reais, efetuados os devidos descontos permitidos por lei.\r\n\r\nDA VIGÊNCIA DO CONTRATO DE TRABALHO\r\n\r\nCláusula 6º - O presente contrato terá duração por prazo indeterminado, sendo assegurado às partes o direito de rescisão a qualquer momento, obrigando-se a parte que desejar rescindi-lo, comunicar a outra com aviso-prévio mínimo de 29 dias.",
  "status" : "IN_PROGRESS",
  "modifiedDate" : 1572175037407
}, {
  "id" : "e261bfe0-f8a5-11e9-a827-95123b186854-8",
  "name" : "doc9.txt",
  "createdDate" : 0,
  "text" : "Empregador: RapidX Mudanças ME, com sede em Florianópolis, na Rua Nossa Senhora da Conceição 50, bairro Jardim Paulista, CEP 129000-123, no estado MS, inscrito no CNPJ sob o nº 72855385000180, neste ato representado pelo Weorn Djkstra, cargo Advogado, Carteira de Identidade nº 797.574.290-23, CPF nº 589.902.880-70, residente e domiciliado na rua Espírito Santo 104, bairro Pe Pequeno, CEP 213213433, cidade São José dos Campos, no estado RJ;\r\n\r\nEmpregado de nome Kulyosa Anze, Separado(a), residente e domiciliado na Rua Avenida João F. Abreu, s/n, bairro Marabaixo, de CEP 123454212, na Cidade Três Lagoas do estado de MG, de CPF 572.831.170-91, RG 45546623063, Carteira de Trabalho nº 123462 00123-SC.\r\n\r\nAs partes identificadas acima celebram entre si o presente contrato de trabalho por prazo indeterminado, regido pelas cláusulas seguintes e demais disposições legais vigentes:\r\n\r\n\r\n\r\nDAS DISPOSIÇÕES LEGAIS\r\n\r\nCláusula 1ª – O presente contrato de trabalho por prazo indeterminado tem como fundamento a Consolidação das Leis do Trabalho (CLT).\r\n\r\nDO LOCAL E DAS CONDIÇÕES DE TRABALHO\r\n\r\nCláusula 2º - O local de trabalho será na filial da empresa localizada em Florianópolis, podendo o empregador, a qualquer momento, transferir o empregado em caráter definitivo ou temporário, para outra unidade/filial/estabelecimento, em qualquer localidade deste Estado ou de outro dentro do país.\r\n\r\nDA JORNADA DE TRABALHO\r\n\r\n\r\n\r\nDO OBJETIVO\r\n\r\nCláusula 3ª - O empregador admite aos seus serviços, na modalidade de contrato de trabalho por tempo indeterminado o empregado, na função de eletricista.Cláusula 4ª – O trabalho executado pelo empregado consistirá na jornada diária de 11 horas de 11:00 a 22:00, na Segunda a sexta, com intervalo para repouso/refeição, das 14:00 a 14:00, perfazendo um total de 55 horas semanais.\r\n\r\nDA VIGÊNCIA DO CONTRATO DE TRABALHO\r\n\r\nCláusula 5º - O presente contrato terá duração por prazo indeterminado, sendo assegurado às partes o direito de rescisão a qualquer momento, obrigando-se a parte que desejar rescindi-lo, comunicar a outra com aviso-prévio mínimo de 41 dias.\r\n\r\nDA REMUNERAÇÃO\r\n\r\nCláusula 6ª - O empregado receberá a quantia horária de cem mil reais, efetuados os devidos descontos permitidos por lei.",
  "status" : "IN_PROGRESS",
  "modifiedDate" : 1572174594809
}, {
  "id" : "e261bfe0-f8a5-11e9-a827-95123b186854-9",
  "name" : "doc10.txt",
  "createdDate" : 0,
  "text" : "Empregador: JJ Advogados SA, empresa do estado de RJ, com sede em Brasília, endereço Darci Alves de Oliveira 195, bairro Monte Carlo, CEP 68527970, inscrita sob CNPJ 44701102000100, neste ato representado pelo Sr. Kurzgramph Hopfst, RG 797.574.290-23, CPF nº 58163450010, residente no endereço Nossa Senhora da Conceição 50, bairro Marabaixo, CEP 20102102, cidade Três Lagoas, no estado MS;\r\n\r\nEmpregado: Aldewo Djkstra, Separado(a), técnico de TI, de Carteira de Identidade nº 455939846, CPF nº 589.902.880-70, Carteira de Trabalho nº 123152 e série 00112-MT, residente e domiciliado na Rua Espírito Santo 104, bairro Jardim Primavera, de CEP 20102102, na Cidade Três Lagoas do estado de RJ.\r\n\r\nAs partes identificadas acima celebram entre si o presente contrato de trabalho por prazo indeterminado, regido pelas cláusulas seguintes e demais disposições legais vigentes:\r\n\r\n\r\n\r\nDAS DISPOSIÇÕES LEGAIS\r\n\r\nCláusula 1ª – O presente contrato de trabalho por prazo indeterminado tem como fundamento a Consolidação das Leis do Trabalho (CLT).\r\n\r\nDO OBJETIVO\r\n\r\nCláusula 2ª - O empregador admite aos seus serviços, na modalidade de contrato de trabalho por tempo indeterminado o empregado, na função de programador.\r\n\r\nDO LOCAL E DAS CONDIÇÕES DE TRABALHO\r\n\r\n\r\n\r\nDA JORNADA DE TRABALHO\r\n\r\nCláusula 3ª – O trabalho executado pelo empregado consistirá na jornada diária de 8 horas de 8:00 a 19:00, na Segunda, terça, quinta e sexta-feira, com intervalo para repouso/refeição, das 14:00 a 14:00, perfazendo um total de 32 horas semanais.Cláusula 4º - O local de trabalho será na filial da empresa localizada em Florianópolis, podendo o empregador, a qualquer momento, transferir o empregado em caráter definitivo ou temporário, para outra unidade/filial/estabelecimento, em qualquer localidade deste Estado ou de outro dentro do país.\r\n\r\nDA VIGÊNCIA DO CONTRATO DE TRABALHO\r\n\r\nCláusula 5º - O presente contrato terá duração por prazo indeterminado, sendo assegurado às partes o direito de rescisão a qualquer momento, obrigando-se a parte que desejar rescindi-lo, comunicar a outra com aviso-prévio mínimo de 33 dias.\r\n\r\nDA REMUNERAÇÃO\r\n\r\nCláusula 6ª - O empregado receberá a quantia horária de R$ cem mil, efetuados os devidos descontos permitidos por lei.",
  "status" : "IN_PROGRESS",
  "modifiedDate" : 1572174026066
} ]