{
  "id" : "e261bfe0-f8a5-11e9-a827-95123b186854-5",
  "name" : "doc6.txt",
  "createdDate" : 0,
  "version" : 3,
  "text" : "Empregador: XAL Informática Ltda, empresa do estado de RJ, com sede em Campinas, endereço Rua Coimbra, bairro Jardim Paulista, CEP 90000-000, inscrita sob CNPJ 52.108.299/0001-04, neste ato representado pelo Sr. Bofgia Xeopi, RG 61715004027, CPF nº 465.052.620-59, residente no endereço Avenida João F. Abreu, s/n, bairro Conjunto Residencial Recanto dos Rouxinóis, CEP 90000-000, cidade São José dos Campos, no estado Acre;\r\n\r\nEmpregado Bofgia Viogu, técnico de TI, Casado(a), morador de Campinas, com residência no bairro Jardim Guaicurus, rua Avenida Prefeito Rolando Moreira 336, no estado de MT. Possui carteira de identidade número 17.320.769-8, cpf 58163450010, e CTPS 029384 série 00123-SC.\r\n\r\nAs partes identificadas acima celebram entre si o presente contrato de trabalho por prazo indeterminado, regido pelas cláusulas seguintes e demais disposições legais vigentes:\r\n\r\n\r\n\r\nDAS DISPOSIÇÕES LEGAIS\r\n\r\nCláusula 1ª – O presente contrato de trabalho por prazo indeterminado tem como fundamento a Consolidação das Leis do Trabalho (CLT).\r\n\r\nDO OBJETIVO\r\n\r\nCláusula 2ª - O empregador admite aos seus serviços, na modalidade de contrato de trabalho por tempo indeterminado o empregado, na função de encanador.\r\n\r\nDO LOCAL E DAS CONDIÇÕES DE TRABALHO\r\n\r\nCláusula 3º - O local de trabalho será na filial da empresa localizada em Florianópolis, podendo o empregador, a qualquer momento, transferir o empregado em caráter definitivo ou temporário, para outra unidade/filial/estabelecimento, em qualquer localidade deste Estado ou de outro dentro do país.\r\n\r\nDA VIGÊNCIA DO CONTRATO DE TRABALHO\r\n\r\nCláusula 4º - O presente contrato terá duração por prazo indeterminado, sendo assegurado às partes o direito de rescisão a qualquer momento, obrigando-se a parte que desejar rescindi-lo, comunicar a outra com aviso-prévio mínimo de 35 dias.\r\n\r\nDA JORNADA DE TRABALHO\r\n\r\nCláusula 5ª – O trabalho executado pelo empregado consistirá na jornada diária de 7 horas de 8:00 a 18:00, na Segunda, terça, quinta e sexta-feira, com intervalo para repouso/refeição, das 14:00 a 14:00, perfazendo um total de 28 horas semanais.\r\n\r\nDA REMUNERAÇÃO\r\n\r\nCláusula 6ª - O empregado receberá a quantia horária de R$ um milhão e novecentos mil, efetuados os devidos descontos permitidos por lei.",
  "docLength" : 0,
  "language" : "PT",
  "status" : "IN_PROGRESS",
  "modifiedDate" : 1572175883437,
  "documentSet" : [ ],
  "preannotation" : [ ],
  "sentences" : [ {
    "id" : "s0",
    "begin" : 0,
    "end" : 424,
    "text" : "Empregador: XAL Informática Ltda, empresa do estado de RJ, com sede em Campinas, endereço Rua Coimbra, bairro Jardim Paulista, CEP 90000-000, inscrita sob CNPJ 52.108.299/0001-04, neste ato representado pelo Sr. Bofgia Xeopi, RG 61715004027, CPF nº 465.052.620-59, residente no endereço Avenida João F. Abreu, s/n, bairro Conjunto Residencial Recanto dos Rouxinóis, CEP 90000-000, cidade São José dos Campos, no estado Acre;",
    "tokens" : [ {
      "id" : "s0-t0",
      "begin" : 0,
      "end" : 10,
      "text" : "Empregador",
      "whiteSpace" : false
    }, {
      "id" : "s0-t1",
      "begin" : 10,
      "end" : 11,
      "text" : ":",
      "whiteSpace" : false
    }, {
      "id" : "s0-t2",
      "begin" : 12,
      "end" : 15,
      "text" : "XAL",
      "whiteSpace" : false
    }, {
      "id" : "s0-t3",
      "begin" : 16,
      "end" : 27,
      "text" : "Informática",
      "whiteSpace" : false
    }, {
      "id" : "s0-t4",
      "begin" : 28,
      "end" : 32,
      "text" : "Ltda",
      "whiteSpace" : false
    }, {
      "id" : "s0-t5",
      "begin" : 32,
      "end" : 33,
      "text" : ",",
      "whiteSpace" : false
    }, {
      "id" : "s0-t6",
      "begin" : 34,
      "end" : 41,
      "text" : "empresa",
      "whiteSpace" : false
    }, {
      "id" : "s0-t7",
      "begin" : 42,
      "end" : 44,
      "text" : "do",
      "whiteSpace" : false
    }, {
      "id" : "s0-t8",
      "begin" : 45,
      "end" : 51,
      "text" : "estado",
      "whiteSpace" : false
    }, {
      "id" : "s0-t9",
      "begin" : 52,
      "end" : 54,
      "text" : "de",
      "whiteSpace" : false
    }, {
      "id" : "s0-t10",
      "begin" : 55,
      "end" : 57,
      "text" : "RJ",
      "whiteSpace" : false
    }, {
      "id" : "s0-t11",
      "begin" : 57,
      "end" : 58,
      "text" : ",",
      "whiteSpace" : false
    }, {
      "id" : "s0-t12",
      "begin" : 59,
      "end" : 62,
      "text" : "com",
      "whiteSpace" : false
    }, {
      "id" : "s0-t13",
      "begin" : 63,
      "end" : 67,
      "text" : "sede",
      "whiteSpace" : false
    }, {
      "id" : "s0-t14",
      "begin" : 68,
      "end" : 70,
      "text" : "em",
      "whiteSpace" : false
    }, {
      "id" : "s0-t15",
      "begin" : 71,
      "end" : 79,
      "text" : "Campinas",
      "whiteSpace" : false
    }, {
      "id" : "s0-t16",
      "begin" : 79,
      "end" : 80,
      "text" : ",",
      "whiteSpace" : false
    }, {
      "id" : "s0-t17",
      "begin" : 81,
      "end" : 89,
      "text" : "endereço",
      "whiteSpace" : false
    }, {
      "id" : "s0-t18",
      "begin" : 90,
      "end" : 93,
      "text" : "Rua",
      "whiteSpace" : false
    }, {
      "id" : "s0-t19",
      "begin" : 94,
      "end" : 101,
      "text" : "Coimbra",
      "whiteSpace" : false
    }, {
      "id" : "s0-t20",
      "begin" : 101,
      "end" : 102,
      "text" : ",",
      "whiteSpace" : false
    }, {
      "id" : "s0-t21",
      "begin" : 103,
      "end" : 109,
      "text" : "bairro",
      "whiteSpace" : false
    }, {
      "id" : "s0-t22",
      "begin" : 110,
      "end" : 116,
      "text" : "Jardim",
      "whiteSpace" : false
    }, {
      "id" : "s0-t23",
      "begin" : 117,
      "end" : 125,
      "text" : "Paulista",
      "whiteSpace" : false
    }, {
      "id" : "s0-t24",
      "begin" : 125,
      "end" : 126,
      "text" : ",",
      "whiteSpace" : false
    }, {
      "id" : "s0-t25",
      "begin" : 127,
      "end" : 130,
      "text" : "CEP",
      "whiteSpace" : false
    }, {
      "id" : "s0-t26",
      "begin" : 131,
      "end" : 140,
      "text" : "90000-000",
      "whiteSpace" : false
    }, {
      "id" : "s0-t27",
      "begin" : 140,
      "end" : 141,
      "text" : ",",
      "whiteSpace" : false
    }, {
      "id" : "s0-t28",
      "begin" : 142,
      "end" : 150,
      "text" : "inscrita",
      "whiteSpace" : false
    }, {
      "id" : "s0-t29",
      "begin" : 151,
      "end" : 154,
      "text" : "sob",
      "whiteSpace" : false
    }, {
      "id" : "s0-t30",
      "begin" : 155,
      "end" : 159,
      "text" : "CNPJ",
      "whiteSpace" : false
    }, {
      "id" : "s0-t31",
      "begin" : 160,
      "end" : 179,
      "text" : "52.108.299/0001-04,",
      "whiteSpace" : false
    }, {
      "id" : "s0-t32",
      "begin" : 180,
      "end" : 185,
      "text" : "neste",
      "whiteSpace" : false
    }, {
      "id" : "s0-t33",
      "begin" : 186,
      "end" : 189,
      "text" : "ato",
      "whiteSpace" : false
    }, {
      "id" : "s0-t34",
      "begin" : 190,
      "end" : 202,
      "text" : "representado",
      "whiteSpace" : false
    }, {
      "id" : "s0-t35",
      "begin" : 203,
      "end" : 207,
      "text" : "pelo",
      "whiteSpace" : false
    }, {
      "id" : "s0-t36",
      "begin" : 208,
      "end" : 211,
      "text" : "Sr.",
      "whiteSpace" : false
    }, {
      "id" : "s0-t37",
      "begin" : 212,
      "end" : 218,
      "text" : "Bofgia",
      "whiteSpace" : false
    }, {
      "id" : "s0-t38",
      "begin" : 219,
      "end" : 224,
      "text" : "Xeopi",
      "whiteSpace" : false
    }, {
      "id" : "s0-t39",
      "begin" : 224,
      "end" : 225,
      "text" : ",",
      "whiteSpace" : false
    }, {
      "id" : "s0-t40",
      "begin" : 226,
      "end" : 228,
      "text" : "RG",
      "whiteSpace" : false
    }, {
      "id" : "s0-t41",
      "begin" : 229,
      "end" : 240,
      "text" : "61715004027",
      "whiteSpace" : false
    }, {
      "id" : "s0-t42",
      "begin" : 240,
      "end" : 241,
      "text" : ",",
      "whiteSpace" : false
    }, {
      "id" : "s0-t43",
      "begin" : 242,
      "end" : 245,
      "text" : "CPF",
      "whiteSpace" : false
    }, {
      "id" : "s0-t44",
      "begin" : 246,
      "end" : 248,
      "text" : "nº",
      "whiteSpace" : false
    }, {
      "id" : "s0-t45",
      "begin" : 249,
      "end" : 263,
      "text" : "465.052.620-59",
      "whiteSpace" : false
    }, {
      "id" : "s0-t46",
      "begin" : 263,
      "end" : 264,
      "text" : ",",
      "whiteSpace" : false
    }, {
      "id" : "s0-t47",
      "begin" : 265,
      "end" : 274,
      "text" : "residente",
      "whiteSpace" : false
    }, {
      "id" : "s0-t48",
      "begin" : 275,
      "end" : 277,
      "text" : "no",
      "whiteSpace" : false
    }, {
      "id" : "s0-t49",
      "begin" : 278,
      "end" : 286,
      "text" : "endereço",
      "whiteSpace" : false
    }, {
      "id" : "s0-t50",
      "begin" : 287,
      "end" : 294,
      "text" : "Avenida",
      "whiteSpace" : false
    }, {
      "id" : "s0-t51",
      "begin" : 295,
      "end" : 299,
      "text" : "João",
      "whiteSpace" : false
    }, {
      "id" : "s0-t52",
      "begin" : 300,
      "end" : 302,
      "text" : "F.",
      "whiteSpace" : false
    }, {
      "id" : "s0-t53",
      "begin" : 303,
      "end" : 308,
      "text" : "Abreu",
      "whiteSpace" : false
    }, {
      "id" : "s0-t54",
      "begin" : 308,
      "end" : 309,
      "text" : ",",
      "whiteSpace" : false
    }, {
      "id" : "s0-t55",
      "begin" : 310,
      "end" : 311,
      "text" : "s",
      "whiteSpace" : false
    }, {
      "id" : "s0-t56",
      "begin" : 311,
      "end" : 312,
      "text" : "/",
      "whiteSpace" : false
    }, {
      "id" : "s0-t57",
      "begin" : 312,
      "end" : 313,
      "text" : "n",
      "whiteSpace" : false
    }, {
      "id" : "s0-t58",
      "begin" : 313,
      "end" : 314,
      "text" : ",",
      "whiteSpace" : false
    }, {
      "id" : "s0-t59",
      "begin" : 315,
      "end" : 321,
      "text" : "bairro",
      "whiteSpace" : false
    }, {
      "id" : "s0-t60",
      "begin" : 322,
      "end" : 330,
      "text" : "Conjunto",
      "whiteSpace" : false
    }, {
      "id" : "s0-t61",
      "begin" : 331,
      "end" : 342,
      "text" : "Residencial",
      "whiteSpace" : false
    }, {
      "id" : "s0-t62",
      "begin" : 343,
      "end" : 350,
      "text" : "Recanto",
      "whiteSpace" : false
    }, {
      "id" : "s0-t63",
      "begin" : 351,
      "end" : 354,
      "text" : "dos",
      "whiteSpace" : false
    }, {
      "id" : "s0-t64",
      "begin" : 355,
      "end" : 364,
      "text" : "Rouxinóis",
      "whiteSpace" : false
    }, {
      "id" : "s0-t65",
      "begin" : 364,
      "end" : 365,
      "text" : ",",
      "whiteSpace" : false
    }, {
      "id" : "s0-t66",
      "begin" : 366,
      "end" : 369,
      "text" : "CEP",
      "whiteSpace" : false
    }, {
      "id" : "s0-t67",
      "begin" : 370,
      "end" : 379,
      "text" : "90000-000",
      "whiteSpace" : false
    }, {
      "id" : "s0-t68",
      "begin" : 379,
      "end" : 380,
      "text" : ",",
      "whiteSpace" : false
    }, {
      "id" : "s0-t69",
      "begin" : 381,
      "end" : 387,
      "text" : "cidade",
      "whiteSpace" : false
    }, {
      "id" : "s0-t70",
      "begin" : 388,
      "end" : 391,
      "text" : "São",
      "whiteSpace" : false
    }, {
      "id" : "s0-t71",
      "begin" : 392,
      "end" : 396,
      "text" : "José",
      "whiteSpace" : false
    }, {
      "id" : "s0-t72",
      "begin" : 397,
      "end" : 400,
      "text" : "dos",
      "whiteSpace" : false
    }, {
      "id" : "s0-t73",
      "begin" : 401,
      "end" : 407,
      "text" : "Campos",
      "whiteSpace" : false
    }, {
      "id" : "s0-t74",
      "begin" : 407,
      "end" : 408,
      "text" : ",",
      "whiteSpace" : false
    }, {
      "id" : "s0-t75",
      "begin" : 409,
      "end" : 411,
      "text" : "no",
      "whiteSpace" : false
    }, {
      "id" : "s0-t76",
      "begin" : 412,
      "end" : 418,
      "text" : "estado",
      "whiteSpace" : false
    }, {
      "id" : "s0-t77",
      "begin" : 419,
      "end" : 423,
      "text" : "Acre",
      "whiteSpace" : false
    }, {
      "id" : "s0-t78",
      "begin" : 423,
      "end" : 424,
      "text" : ";",
      "whiteSpace" : false
    } ]
  }, {
    "id" : "s1",
    "begin" : 428,
    "end" : 600,
    "text" : "Empregado Bofgia Viogu, técnico de TI, Casado(a), morador de Campinas, com residência no bairro Jardim Guaicurus, rua Avenida Prefeito Rolando Moreira 336, no estado de MT.",
    "tokens" : [ {
      "id" : "s1-t0",
      "begin" : 428,
      "end" : 437,
      "text" : "Empregado",
      "whiteSpace" : false
    }, {
      "id" : "s1-t1",
      "begin" : 438,
      "end" : 444,
      "text" : "Bofgia",
      "whiteSpace" : false
    }, {
      "id" : "s1-t2",
      "begin" : 445,
      "end" : 450,
      "text" : "Viogu",
      "whiteSpace" : false
    }, {
      "id" : "s1-t3",
      "begin" : 450,
      "end" : 451,
      "text" : ",",
      "whiteSpace" : false
    }, {
      "id" : "s1-t4",
      "begin" : 452,
      "end" : 459,
      "text" : "técnico",
      "whiteSpace" : false
    }, {
      "id" : "s1-t5",
      "begin" : 460,
      "end" : 462,
      "text" : "de",
      "whiteSpace" : false
    }, {
      "id" : "s1-t6",
      "begin" : 463,
      "end" : 465,
      "text" : "TI",
      "whiteSpace" : false
    }, {
      "id" : "s1-t7",
      "begin" : 465,
      "end" : 466,
      "text" : ",",
      "whiteSpace" : false
    }, {
      "id" : "s1-t8",
      "begin" : 467,
      "end" : 473,
      "text" : "Casado",
      "whiteSpace" : false
    }, {
      "id" : "s1-t9",
      "begin" : 473,
      "end" : 474,
      "text" : "(",
      "whiteSpace" : false
    }, {
      "id" : "s1-t10",
      "begin" : 474,
      "end" : 475,
      "text" : "a",
      "whiteSpace" : false
    }, {
      "id" : "s1-t11",
      "begin" : 475,
      "end" : 476,
      "text" : ")",
      "whiteSpace" : false
    }, {
      "id" : "s1-t12",
      "begin" : 476,
      "end" : 477,
      "text" : ",",
      "whiteSpace" : false
    }, {
      "id" : "s1-t13",
      "begin" : 478,
      "end" : 485,
      "text" : "morador",
      "whiteSpace" : false
    }, {
      "id" : "s1-t14",
      "begin" : 486,
      "end" : 488,
      "text" : "de",
      "whiteSpace" : false
    }, {
      "id" : "s1-t15",
      "begin" : 489,
      "end" : 497,
      "text" : "Campinas",
      "whiteSpace" : false
    }, {
      "id" : "s1-t16",
      "begin" : 497,
      "end" : 498,
      "text" : ",",
      "whiteSpace" : false
    }, {
      "id" : "s1-t17",
      "begin" : 499,
      "end" : 502,
      "text" : "com",
      "whiteSpace" : false
    }, {
      "id" : "s1-t18",
      "begin" : 503,
      "end" : 513,
      "text" : "residência",
      "whiteSpace" : false
    }, {
      "id" : "s1-t19",
      "begin" : 514,
      "end" : 516,
      "text" : "no",
      "whiteSpace" : false
    }, {
      "id" : "s1-t20",
      "begin" : 517,
      "end" : 523,
      "text" : "bairro",
      "whiteSpace" : false
    }, {
      "id" : "s1-t21",
      "begin" : 524,
      "end" : 530,
      "text" : "Jardim",
      "whiteSpace" : false
    }, {
      "id" : "s1-t22",
      "begin" : 531,
      "end" : 540,
      "text" : "Guaicurus",
      "whiteSpace" : false
    }, {
      "id" : "s1-t23",
      "begin" : 540,
      "end" : 541,
      "text" : ",",
      "whiteSpace" : false
    }, {
      "id" : "s1-t24",
      "begin" : 542,
      "end" : 545,
      "text" : "rua",
      "whiteSpace" : false
    }, {
      "id" : "s1-t25",
      "begin" : 546,
      "end" : 553,
      "text" : "Avenida",
      "whiteSpace" : false
    }, {
      "id" : "s1-t26",
      "begin" : 554,
      "end" : 562,
      "text" : "Prefeito",
      "whiteSpace" : false
    }, {
      "id" : "s1-t27",
      "begin" : 563,
      "end" : 570,
      "text" : "Rolando",
      "whiteSpace" : false
    }, {
      "id" : "s1-t28",
      "begin" : 571,
      "end" : 578,
      "text" : "Moreira",
      "whiteSpace" : false
    }, {
      "id" : "s1-t29",
      "begin" : 579,
      "end" : 582,
      "text" : "336",
      "whiteSpace" : false
    }, {
      "id" : "s1-t30",
      "begin" : 582,
      "end" : 583,
      "text" : ",",
      "whiteSpace" : false
    }, {
      "id" : "s1-t31",
      "begin" : 584,
      "end" : 586,
      "text" : "no",
      "whiteSpace" : false
    }, {
      "id" : "s1-t32",
      "begin" : 587,
      "end" : 593,
      "text" : "estado",
      "whiteSpace" : false
    }, {
      "id" : "s1-t33",
      "begin" : 594,
      "end" : 596,
      "text" : "de",
      "whiteSpace" : false
    }, {
      "id" : "s1-t34",
      "begin" : 597,
      "end" : 599,
      "text" : "MT",
      "whiteSpace" : false
    }, {
      "id" : "s1-t35",
      "begin" : 599,
      "end" : 600,
      "text" : ".",
      "whiteSpace" : false
    } ]
  }, {
    "id" : "s2",
    "begin" : 601,
    "end" : 698,
    "text" : "Possui carteira de identidade número 17.320.769-8, cpf 58163450010, e CTPS 029384 série 00123-SC.",
    "tokens" : [ {
      "id" : "s2-t0",
      "begin" : 601,
      "end" : 607,
      "text" : "Possui",
      "whiteSpace" : false
    }, {
      "id" : "s2-t1",
      "begin" : 608,
      "end" : 616,
      "text" : "carteira",
      "whiteSpace" : false
    }, {
      "id" : "s2-t2",
      "begin" : 617,
      "end" : 619,
      "text" : "de",
      "whiteSpace" : false
    }, {
      "id" : "s2-t3",
      "begin" : 620,
      "end" : 630,
      "text" : "identidade",
      "whiteSpace" : false
    }, {
      "id" : "s2-t4",
      "begin" : 631,
      "end" : 637,
      "text" : "número",
      "whiteSpace" : false
    }, {
      "id" : "s2-t5",
      "begin" : 638,
      "end" : 650,
      "text" : "17.320.769-8",
      "whiteSpace" : false
    }, {
      "id" : "s2-t6",
      "begin" : 650,
      "end" : 651,
      "text" : ",",
      "whiteSpace" : false
    }, {
      "id" : "s2-t7",
      "begin" : 652,
      "end" : 655,
      "text" : "cpf",
      "whiteSpace" : false
    }, {
      "id" : "s2-t8",
      "begin" : 656,
      "end" : 667,
      "text" : "58163450010",
      "whiteSpace" : false
    }, {
      "id" : "s2-t9",
      "begin" : 667,
      "end" : 668,
      "text" : ",",
      "whiteSpace" : false
    }, {
      "id" : "s2-t10",
      "begin" : 669,
      "end" : 670,
      "text" : "e",
      "whiteSpace" : false
    }, {
      "id" : "s2-t11",
      "begin" : 671,
      "end" : 675,
      "text" : "CTPS",
      "whiteSpace" : false
    }, {
      "id" : "s2-t12",
      "begin" : 676,
      "end" : 682,
      "text" : "029384",
      "whiteSpace" : false
    }, {
      "id" : "s2-t13",
      "begin" : 683,
      "end" : 688,
      "text" : "série",
      "whiteSpace" : false
    }, {
      "id" : "s2-t14",
      "begin" : 689,
      "end" : 697,
      "text" : "00123-SC",
      "whiteSpace" : false
    }, {
      "id" : "s2-t15",
      "begin" : 697,
      "end" : 698,
      "text" : ".",
      "whiteSpace" : false
    } ]
  }, {
    "id" : "s3",
    "begin" : 702,
    "end" : 877,
    "text" : "As partes identificadas acima celebram entre si o presente contrato de trabalho por prazo indeterminado, regido pelas cláusulas seguintes e demais disposições legais vigentes:",
    "tokens" : [ {
      "id" : "s3-t0",
      "begin" : 702,
      "end" : 704,
      "text" : "As",
      "whiteSpace" : false
    }, {
      "id" : "s3-t1",
      "begin" : 705,
      "end" : 711,
      "text" : "partes",
      "whiteSpace" : false
    }, {
      "id" : "s3-t2",
      "begin" : 712,
      "end" : 725,
      "text" : "identificadas",
      "whiteSpace" : false
    }, {
      "id" : "s3-t3",
      "begin" : 726,
      "end" : 731,
      "text" : "acima",
      "whiteSpace" : false
    }, {
      "id" : "s3-t4",
      "begin" : 732,
      "end" : 740,
      "text" : "celebram",
      "whiteSpace" : false
    }, {
      "id" : "s3-t5",
      "begin" : 741,
      "end" : 746,
      "text" : "entre",
      "whiteSpace" : false
    }, {
      "id" : "s3-t6",
      "begin" : 747,
      "end" : 749,
      "text" : "si",
      "whiteSpace" : false
    }, {
      "id" : "s3-t7",
      "begin" : 750,
      "end" : 751,
      "text" : "o",
      "whiteSpace" : false
    }, {
      "id" : "s3-t8",
      "begin" : 752,
      "end" : 760,
      "text" : "presente",
      "whiteSpace" : false
    }, {
      "id" : "s3-t9",
      "begin" : 761,
      "end" : 769,
      "text" : "contrato",
      "whiteSpace" : false
    }, {
      "id" : "s3-t10",
      "begin" : 770,
      "end" : 772,
      "text" : "de",
      "whiteSpace" : false
    }, {
      "id" : "s3-t11",
      "begin" : 773,
      "end" : 781,
      "text" : "trabalho",
      "whiteSpace" : false
    }, {
      "id" : "s3-t12",
      "begin" : 782,
      "end" : 785,
      "text" : "por",
      "whiteSpace" : false
    }, {
      "id" : "s3-t13",
      "begin" : 786,
      "end" : 791,
      "text" : "prazo",
      "whiteSpace" : false
    }, {
      "id" : "s3-t14",
      "begin" : 792,
      "end" : 805,
      "text" : "indeterminado",
      "whiteSpace" : false
    }, {
      "id" : "s3-t15",
      "begin" : 805,
      "end" : 806,
      "text" : ",",
      "whiteSpace" : false
    }, {
      "id" : "s3-t16",
      "begin" : 807,
      "end" : 813,
      "text" : "regido",
      "whiteSpace" : false
    }, {
      "id" : "s3-t17",
      "begin" : 814,
      "end" : 819,
      "text" : "pelas",
      "whiteSpace" : false
    }, {
      "id" : "s3-t18",
      "begin" : 820,
      "end" : 829,
      "text" : "cláusulas",
      "whiteSpace" : false
    }, {
      "id" : "s3-t19",
      "begin" : 830,
      "end" : 839,
      "text" : "seguintes",
      "whiteSpace" : false
    }, {
      "id" : "s3-t20",
      "begin" : 840,
      "end" : 841,
      "text" : "e",
      "whiteSpace" : false
    }, {
      "id" : "s3-t21",
      "begin" : 842,
      "end" : 848,
      "text" : "demais",
      "whiteSpace" : false
    }, {
      "id" : "s3-t22",
      "begin" : 849,
      "end" : 860,
      "text" : "disposições",
      "whiteSpace" : false
    }, {
      "id" : "s3-t23",
      "begin" : 861,
      "end" : 867,
      "text" : "legais",
      "whiteSpace" : false
    }, {
      "id" : "s3-t24",
      "begin" : 868,
      "end" : 876,
      "text" : "vigentes",
      "whiteSpace" : false
    }, {
      "id" : "s3-t25",
      "begin" : 876,
      "end" : 877,
      "text" : ":",
      "whiteSpace" : false
    } ]
  }, {
    "id" : "s4",
    "begin" : 885,
    "end" : 907,
    "text" : "DAS DISPOSIÇÕES LEGAIS",
    "tokens" : [ {
      "id" : "s4-t0",
      "begin" : 885,
      "end" : 888,
      "text" : "DAS",
      "whiteSpace" : false
    }, {
      "id" : "s4-t1",
      "begin" : 889,
      "end" : 900,
      "text" : "DISPOSIÇÕES",
      "whiteSpace" : false
    }, {
      "id" : "s4-t2",
      "begin" : 901,
      "end" : 907,
      "text" : "LEGAIS",
      "whiteSpace" : false
    } ]
  }, {
    "id" : "s5",
    "begin" : 911,
    "end" : 1043,
    "text" : "Cláusula 1ª – O presente contrato de trabalho por prazo indeterminado tem como fundamento a Consolidação das Leis do Trabalho (CLT).",
    "tokens" : [ {
      "id" : "s5-t0",
      "begin" : 911,
      "end" : 919,
      "text" : "Cláusula",
      "whiteSpace" : false
    }, {
      "id" : "s5-t1",
      "begin" : 920,
      "end" : 922,
      "text" : "1ª",
      "whiteSpace" : false
    }, {
      "id" : "s5-t2",
      "begin" : 923,
      "end" : 924,
      "text" : "–",
      "whiteSpace" : false
    }, {
      "id" : "s5-t3",
      "begin" : 925,
      "end" : 926,
      "text" : "O",
      "whiteSpace" : false
    }, {
      "id" : "s5-t4",
      "begin" : 927,
      "end" : 935,
      "text" : "presente",
      "whiteSpace" : false
    }, {
      "id" : "s5-t5",
      "begin" : 936,
      "end" : 944,
      "text" : "contrato",
      "whiteSpace" : false
    }, {
      "id" : "s5-t6",
      "begin" : 945,
      "end" : 947,
      "text" : "de",
      "whiteSpace" : false
    }, {
      "id" : "s5-t7",
      "begin" : 948,
      "end" : 956,
      "text" : "trabalho",
      "whiteSpace" : false
    }, {
      "id" : "s5-t8",
      "begin" : 957,
      "end" : 960,
      "text" : "por",
      "whiteSpace" : false
    }, {
      "id" : "s5-t9",
      "begin" : 961,
      "end" : 966,
      "text" : "prazo",
      "whiteSpace" : false
    }, {
      "id" : "s5-t10",
      "begin" : 967,
      "end" : 980,
      "text" : "indeterminado",
      "whiteSpace" : false
    }, {
      "id" : "s5-t11",
      "begin" : 981,
      "end" : 984,
      "text" : "tem",
      "whiteSpace" : false
    }, {
      "id" : "s5-t12",
      "begin" : 985,
      "end" : 989,
      "text" : "como",
      "whiteSpace" : false
    }, {
      "id" : "s5-t13",
      "begin" : 990,
      "end" : 1000,
      "text" : "fundamento",
      "whiteSpace" : false
    }, {
      "id" : "s5-t14",
      "begin" : 1001,
      "end" : 1002,
      "text" : "a",
      "whiteSpace" : false
    }, {
      "id" : "s5-t15",
      "begin" : 1003,
      "end" : 1015,
      "text" : "Consolidação",
      "whiteSpace" : false
    }, {
      "id" : "s5-t16",
      "begin" : 1016,
      "end" : 1019,
      "text" : "das",
      "whiteSpace" : false
    }, {
      "id" : "s5-t17",
      "begin" : 1020,
      "end" : 1024,
      "text" : "Leis",
      "whiteSpace" : false
    }, {
      "id" : "s5-t18",
      "begin" : 1025,
      "end" : 1027,
      "text" : "do",
      "whiteSpace" : false
    }, {
      "id" : "s5-t19",
      "begin" : 1028,
      "end" : 1036,
      "text" : "Trabalho",
      "whiteSpace" : false
    }, {
      "id" : "s5-t20",
      "begin" : 1037,
      "end" : 1038,
      "text" : "(",
      "whiteSpace" : false
    }, {
      "id" : "s5-t21",
      "begin" : 1038,
      "end" : 1041,
      "text" : "CLT",
      "whiteSpace" : false
    }, {
      "id" : "s5-t22",
      "begin" : 1041,
      "end" : 1042,
      "text" : ")",
      "whiteSpace" : false
    }, {
      "id" : "s5-t23",
      "begin" : 1042,
      "end" : 1043,
      "text" : ".",
      "whiteSpace" : false
    } ]
  }, {
    "id" : "s6",
    "begin" : 1047,
    "end" : 1058,
    "text" : "DO OBJETIVO",
    "tokens" : [ {
      "id" : "s6-t0",
      "begin" : 1047,
      "end" : 1049,
      "text" : "DO",
      "whiteSpace" : false
    }, {
      "id" : "s6-t1",
      "begin" : 1050,
      "end" : 1058,
      "text" : "OBJETIVO",
      "whiteSpace" : false
    } ]
  }, {
    "id" : "s7",
    "begin" : 1062,
    "end" : 1213,
    "text" : "Cláusula 2ª - O empregador admite aos seus serviços, na modalidade de contrato de trabalho por tempo indeterminado o empregado, na função de encanador.",
    "tokens" : [ {
      "id" : "s7-t0",
      "begin" : 1062,
      "end" : 1070,
      "text" : "Cláusula",
      "whiteSpace" : false
    }, {
      "id" : "s7-t1",
      "begin" : 1071,
      "end" : 1073,
      "text" : "2ª",
      "whiteSpace" : false
    }, {
      "id" : "s7-t2",
      "begin" : 1074,
      "end" : 1075,
      "text" : "-",
      "whiteSpace" : false
    }, {
      "id" : "s7-t3",
      "begin" : 1076,
      "end" : 1077,
      "text" : "O",
      "whiteSpace" : false
    }, {
      "id" : "s7-t4",
      "begin" : 1078,
      "end" : 1088,
      "text" : "empregador",
      "whiteSpace" : false
    }, {
      "id" : "s7-t5",
      "begin" : 1089,
      "end" : 1095,
      "text" : "admite",
      "whiteSpace" : false
    }, {
      "id" : "s7-t6",
      "begin" : 1096,
      "end" : 1099,
      "text" : "aos",
      "whiteSpace" : false
    }, {
      "id" : "s7-t7",
      "begin" : 1100,
      "end" : 1104,
      "text" : "seus",
      "whiteSpace" : false
    }, {
      "id" : "s7-t8",
      "begin" : 1105,
      "end" : 1113,
      "text" : "serviços",
      "whiteSpace" : false
    }, {
      "id" : "s7-t9",
      "begin" : 1113,
      "end" : 1114,
      "text" : ",",
      "whiteSpace" : false
    }, {
      "id" : "s7-t10",
      "begin" : 1115,
      "end" : 1117,
      "text" : "na",
      "whiteSpace" : false
    }, {
      "id" : "s7-t11",
      "begin" : 1118,
      "end" : 1128,
      "text" : "modalidade",
      "whiteSpace" : false
    }, {
      "id" : "s7-t12",
      "begin" : 1129,
      "end" : 1131,
      "text" : "de",
      "whiteSpace" : false
    }, {
      "id" : "s7-t13",
      "begin" : 1132,
      "end" : 1140,
      "text" : "contrato",
      "whiteSpace" : false
    }, {
      "id" : "s7-t14",
      "begin" : 1141,
      "end" : 1143,
      "text" : "de",
      "whiteSpace" : false
    }, {
      "id" : "s7-t15",
      "begin" : 1144,
      "end" : 1152,
      "text" : "trabalho",
      "whiteSpace" : false
    }, {
      "id" : "s7-t16",
      "begin" : 1153,
      "end" : 1156,
      "text" : "por",
      "whiteSpace" : false
    }, {
      "id" : "s7-t17",
      "begin" : 1157,
      "end" : 1162,
      "text" : "tempo",
      "whiteSpace" : false
    }, {
      "id" : "s7-t18",
      "begin" : 1163,
      "end" : 1176,
      "text" : "indeterminado",
      "whiteSpace" : false
    }, {
      "id" : "s7-t19",
      "begin" : 1177,
      "end" : 1178,
      "text" : "o",
      "whiteSpace" : false
    }, {
      "id" : "s7-t20",
      "begin" : 1179,
      "end" : 1188,
      "text" : "empregado",
      "whiteSpace" : false
    }, {
      "id" : "s7-t21",
      "begin" : 1188,
      "end" : 1189,
      "text" : ",",
      "whiteSpace" : false
    }, {
      "id" : "s7-t22",
      "begin" : 1190,
      "end" : 1192,
      "text" : "na",
      "whiteSpace" : false
    }, {
      "id" : "s7-t23",
      "begin" : 1193,
      "end" : 1199,
      "text" : "função",
      "whiteSpace" : false
    }, {
      "id" : "s7-t24",
      "begin" : 1200,
      "end" : 1202,
      "text" : "de",
      "whiteSpace" : false
    }, {
      "id" : "s7-t25",
      "begin" : 1203,
      "end" : 1212,
      "text" : "encanador",
      "whiteSpace" : false
    }, {
      "id" : "s7-t26",
      "begin" : 1212,
      "end" : 1213,
      "text" : ".",
      "whiteSpace" : false
    } ]
  }, {
    "id" : "s8",
    "begin" : 1217,
    "end" : 1253,
    "text" : "DO LOCAL E DAS CONDIÇÕES DE TRABALHO",
    "tokens" : [ {
      "id" : "s8-t0",
      "begin" : 1217,
      "end" : 1219,
      "text" : "DO",
      "whiteSpace" : false
    }, {
      "id" : "s8-t1",
      "begin" : 1220,
      "end" : 1225,
      "text" : "LOCAL",
      "whiteSpace" : false
    }, {
      "id" : "s8-t2",
      "begin" : 1226,
      "end" : 1227,
      "text" : "E",
      "whiteSpace" : false
    }, {
      "id" : "s8-t3",
      "begin" : 1228,
      "end" : 1231,
      "text" : "DAS",
      "whiteSpace" : false
    }, {
      "id" : "s8-t4",
      "begin" : 1232,
      "end" : 1241,
      "text" : "CONDIÇÕES",
      "whiteSpace" : false
    }, {
      "id" : "s8-t5",
      "begin" : 1242,
      "end" : 1244,
      "text" : "DE",
      "whiteSpace" : false
    }, {
      "id" : "s8-t6",
      "begin" : 1245,
      "end" : 1253,
      "text" : "TRABALHO",
      "whiteSpace" : false
    } ]
  }, {
    "id" : "s9",
    "begin" : 1257,
    "end" : 1554,
    "text" : "Cláusula 3º - O local de trabalho será na filial da empresa localizada em Florianópolis, podendo o empregador, a qualquer momento, transferir o empregado em caráter definitivo ou temporário, para outra unidade/filial/estabelecimento, em qualquer localidade deste Estado ou de outro dentro do país.",
    "tokens" : [ {
      "id" : "s9-t0",
      "begin" : 1257,
      "end" : 1265,
      "text" : "Cláusula",
      "whiteSpace" : false
    }, {
      "id" : "s9-t1",
      "begin" : 1266,
      "end" : 1268,
      "text" : "3º",
      "whiteSpace" : false
    }, {
      "id" : "s9-t2",
      "begin" : 1269,
      "end" : 1270,
      "text" : "-",
      "whiteSpace" : false
    }, {
      "id" : "s9-t3",
      "begin" : 1271,
      "end" : 1272,
      "text" : "O",
      "whiteSpace" : false
    }, {
      "id" : "s9-t4",
      "begin" : 1273,
      "end" : 1278,
      "text" : "local",
      "whiteSpace" : false
    }, {
      "id" : "s9-t5",
      "begin" : 1279,
      "end" : 1281,
      "text" : "de",
      "whiteSpace" : false
    }, {
      "id" : "s9-t6",
      "begin" : 1282,
      "end" : 1290,
      "text" : "trabalho",
      "whiteSpace" : false
    }, {
      "id" : "s9-t7",
      "begin" : 1291,
      "end" : 1295,
      "text" : "será",
      "whiteSpace" : false
    }, {
      "id" : "s9-t8",
      "begin" : 1296,
      "end" : 1298,
      "text" : "na",
      "whiteSpace" : false
    }, {
      "id" : "s9-t9",
      "begin" : 1299,
      "end" : 1305,
      "text" : "filial",
      "whiteSpace" : false
    }, {
      "id" : "s9-t10",
      "begin" : 1306,
      "end" : 1308,
      "text" : "da",
      "whiteSpace" : false
    }, {
      "id" : "s9-t11",
      "begin" : 1309,
      "end" : 1316,
      "text" : "empresa",
      "whiteSpace" : false
    }, {
      "id" : "s9-t12",
      "begin" : 1317,
      "end" : 1327,
      "text" : "localizada",
      "whiteSpace" : false
    }, {
      "id" : "s9-t13",
      "begin" : 1328,
      "end" : 1330,
      "text" : "em",
      "whiteSpace" : false
    }, {
      "id" : "s9-t14",
      "begin" : 1331,
      "end" : 1344,
      "text" : "Florianópolis",
      "whiteSpace" : false
    }, {
      "id" : "s9-t15",
      "begin" : 1344,
      "end" : 1345,
      "text" : ",",
      "whiteSpace" : false
    }, {
      "id" : "s9-t16",
      "begin" : 1346,
      "end" : 1353,
      "text" : "podendo",
      "whiteSpace" : false
    }, {
      "id" : "s9-t17",
      "begin" : 1354,
      "end" : 1355,
      "text" : "o",
      "whiteSpace" : false
    }, {
      "id" : "s9-t18",
      "begin" : 1356,
      "end" : 1366,
      "text" : "empregador",
      "whiteSpace" : false
    }, {
      "id" : "s9-t19",
      "begin" : 1366,
      "end" : 1367,
      "text" : ",",
      "whiteSpace" : false
    }, {
      "id" : "s9-t20",
      "begin" : 1368,
      "end" : 1369,
      "text" : "a",
      "whiteSpace" : false
    }, {
      "id" : "s9-t21",
      "begin" : 1370,
      "end" : 1378,
      "text" : "qualquer",
      "whiteSpace" : false
    }, {
      "id" : "s9-t22",
      "begin" : 1379,
      "end" : 1386,
      "text" : "momento",
      "whiteSpace" : false
    }, {
      "id" : "s9-t23",
      "begin" : 1386,
      "end" : 1387,
      "text" : ",",
      "whiteSpace" : false
    }, {
      "id" : "s9-t24",
      "begin" : 1388,
      "end" : 1398,
      "text" : "transferir",
      "whiteSpace" : false
    }, {
      "id" : "s9-t25",
      "begin" : 1399,
      "end" : 1400,
      "text" : "o",
      "whiteSpace" : false
    }, {
      "id" : "s9-t26",
      "begin" : 1401,
      "end" : 1410,
      "text" : "empregado",
      "whiteSpace" : false
    }, {
      "id" : "s9-t27",
      "begin" : 1411,
      "end" : 1413,
      "text" : "em",
      "whiteSpace" : false
    }, {
      "id" : "s9-t28",
      "begin" : 1414,
      "end" : 1421,
      "text" : "caráter",
      "whiteSpace" : false
    }, {
      "id" : "s9-t29",
      "begin" : 1422,
      "end" : 1432,
      "text" : "definitivo",
      "whiteSpace" : false
    }, {
      "id" : "s9-t30",
      "begin" : 1433,
      "end" : 1435,
      "text" : "ou",
      "whiteSpace" : false
    }, {
      "id" : "s9-t31",
      "begin" : 1436,
      "end" : 1446,
      "text" : "temporário",
      "whiteSpace" : false
    }, {
      "id" : "s9-t32",
      "begin" : 1446,
      "end" : 1447,
      "text" : ",",
      "whiteSpace" : false
    }, {
      "id" : "s9-t33",
      "begin" : 1448,
      "end" : 1452,
      "text" : "para",
      "whiteSpace" : false
    }, {
      "id" : "s9-t34",
      "begin" : 1453,
      "end" : 1458,
      "text" : "outra",
      "whiteSpace" : false
    }, {
      "id" : "s9-t35",
      "begin" : 1459,
      "end" : 1466,
      "text" : "unidade",
      "whiteSpace" : false
    }, {
      "id" : "s9-t36",
      "begin" : 1466,
      "end" : 1467,
      "text" : "/",
      "whiteSpace" : false
    }, {
      "id" : "s9-t37",
      "begin" : 1467,
      "end" : 1489,
      "text" : "filial/estabelecimento",
      "whiteSpace" : false
    }, {
      "id" : "s9-t38",
      "begin" : 1489,
      "end" : 1490,
      "text" : ",",
      "whiteSpace" : false
    }, {
      "id" : "s9-t39",
      "begin" : 1491,
      "end" : 1493,
      "text" : "em",
      "whiteSpace" : false
    }, {
      "id" : "s9-t40",
      "begin" : 1494,
      "end" : 1502,
      "text" : "qualquer",
      "whiteSpace" : false
    }, {
      "id" : "s9-t41",
      "begin" : 1503,
      "end" : 1513,
      "text" : "localidade",
      "whiteSpace" : false
    }, {
      "id" : "s9-t42",
      "begin" : 1514,
      "end" : 1519,
      "text" : "deste",
      "whiteSpace" : false
    }, {
      "id" : "s9-t43",
      "begin" : 1520,
      "end" : 1526,
      "text" : "Estado",
      "whiteSpace" : false
    }, {
      "id" : "s9-t44",
      "begin" : 1527,
      "end" : 1529,
      "text" : "ou",
      "whiteSpace" : false
    }, {
      "id" : "s9-t45",
      "begin" : 1530,
      "end" : 1532,
      "text" : "de",
      "whiteSpace" : false
    }, {
      "id" : "s9-t46",
      "begin" : 1533,
      "end" : 1538,
      "text" : "outro",
      "whiteSpace" : false
    }, {
      "id" : "s9-t47",
      "begin" : 1539,
      "end" : 1545,
      "text" : "dentro",
      "whiteSpace" : false
    }, {
      "id" : "s9-t48",
      "begin" : 1546,
      "end" : 1548,
      "text" : "do",
      "whiteSpace" : false
    }, {
      "id" : "s9-t49",
      "begin" : 1549,
      "end" : 1553,
      "text" : "país",
      "whiteSpace" : false
    }, {
      "id" : "s9-t50",
      "begin" : 1553,
      "end" : 1554,
      "text" : ".",
      "whiteSpace" : false
    } ]
  }, {
    "id" : "s10",
    "begin" : 1558,
    "end" : 1593,
    "text" : "DA VIGÊNCIA DO CONTRATO DE TRABALHO",
    "tokens" : [ {
      "id" : "s10-t0",
      "begin" : 1558,
      "end" : 1560,
      "text" : "DA",
      "whiteSpace" : false
    }, {
      "id" : "s10-t1",
      "begin" : 1561,
      "end" : 1569,
      "text" : "VIGÊNCIA",
      "whiteSpace" : false
    }, {
      "id" : "s10-t2",
      "begin" : 1570,
      "end" : 1572,
      "text" : "DO",
      "whiteSpace" : false
    }, {
      "id" : "s10-t3",
      "begin" : 1573,
      "end" : 1581,
      "text" : "CONTRATO",
      "whiteSpace" : false
    }, {
      "id" : "s10-t4",
      "begin" : 1582,
      "end" : 1584,
      "text" : "DE",
      "whiteSpace" : false
    }, {
      "id" : "s10-t5",
      "begin" : 1585,
      "end" : 1593,
      "text" : "TRABALHO",
      "whiteSpace" : false
    } ]
  }, {
    "id" : "s11",
    "begin" : 1597,
    "end" : 1837,
    "text" : "Cláusula 4º - O presente contrato terá duração por prazo indeterminado, sendo assegurado às partes o direito de rescisão a qualquer momento, obrigando-se a parte que desejar rescindi-lo, comunicar a outra com aviso-prévio mínimo de 35 dias.",
    "tokens" : [ {
      "id" : "s11-t0",
      "begin" : 1597,
      "end" : 1605,
      "text" : "Cláusula",
      "whiteSpace" : false
    }, {
      "id" : "s11-t1",
      "begin" : 1606,
      "end" : 1608,
      "text" : "4º",
      "whiteSpace" : false
    }, {
      "id" : "s11-t2",
      "begin" : 1609,
      "end" : 1610,
      "text" : "-",
      "whiteSpace" : false
    }, {
      "id" : "s11-t3",
      "begin" : 1611,
      "end" : 1612,
      "text" : "O",
      "whiteSpace" : false
    }, {
      "id" : "s11-t4",
      "begin" : 1613,
      "end" : 1621,
      "text" : "presente",
      "whiteSpace" : false
    }, {
      "id" : "s11-t5",
      "begin" : 1622,
      "end" : 1630,
      "text" : "contrato",
      "whiteSpace" : false
    }, {
      "id" : "s11-t6",
      "begin" : 1631,
      "end" : 1635,
      "text" : "terá",
      "whiteSpace" : false
    }, {
      "id" : "s11-t7",
      "begin" : 1636,
      "end" : 1643,
      "text" : "duração",
      "whiteSpace" : false
    }, {
      "id" : "s11-t8",
      "begin" : 1644,
      "end" : 1647,
      "text" : "por",
      "whiteSpace" : false
    }, {
      "id" : "s11-t9",
      "begin" : 1648,
      "end" : 1653,
      "text" : "prazo",
      "whiteSpace" : false
    }, {
      "id" : "s11-t10",
      "begin" : 1654,
      "end" : 1667,
      "text" : "indeterminado",
      "whiteSpace" : false
    }, {
      "id" : "s11-t11",
      "begin" : 1667,
      "end" : 1668,
      "text" : ",",
      "whiteSpace" : false
    }, {
      "id" : "s11-t12",
      "begin" : 1669,
      "end" : 1674,
      "text" : "sendo",
      "whiteSpace" : false
    }, {
      "id" : "s11-t13",
      "begin" : 1675,
      "end" : 1685,
      "text" : "assegurado",
      "whiteSpace" : false
    }, {
      "id" : "s11-t14",
      "begin" : 1686,
      "end" : 1688,
      "text" : "às",
      "whiteSpace" : false
    }, {
      "id" : "s11-t15",
      "begin" : 1689,
      "end" : 1695,
      "text" : "partes",
      "whiteSpace" : false
    }, {
      "id" : "s11-t16",
      "begin" : 1696,
      "end" : 1697,
      "text" : "o",
      "whiteSpace" : false
    }, {
      "id" : "s11-t17",
      "begin" : 1698,
      "end" : 1705,
      "text" : "direito",
      "whiteSpace" : false
    }, {
      "id" : "s11-t18",
      "begin" : 1706,
      "end" : 1708,
      "text" : "de",
      "whiteSpace" : false
    }, {
      "id" : "s11-t19",
      "begin" : 1709,
      "end" : 1717,
      "text" : "rescisão",
      "whiteSpace" : false
    }, {
      "id" : "s11-t20",
      "begin" : 1718,
      "end" : 1719,
      "text" : "a",
      "whiteSpace" : false
    }, {
      "id" : "s11-t21",
      "begin" : 1720,
      "end" : 1728,
      "text" : "qualquer",
      "whiteSpace" : false
    }, {
      "id" : "s11-t22",
      "begin" : 1729,
      "end" : 1736,
      "text" : "momento",
      "whiteSpace" : false
    }, {
      "id" : "s11-t23",
      "begin" : 1736,
      "end" : 1737,
      "text" : ",",
      "whiteSpace" : false
    }, {
      "id" : "s11-t24",
      "begin" : 1738,
      "end" : 1750,
      "text" : "obrigando-se",
      "whiteSpace" : false
    }, {
      "id" : "s11-t25",
      "begin" : 1751,
      "end" : 1752,
      "text" : "a",
      "whiteSpace" : false
    }, {
      "id" : "s11-t26",
      "begin" : 1753,
      "end" : 1758,
      "text" : "parte",
      "whiteSpace" : false
    }, {
      "id" : "s11-t27",
      "begin" : 1759,
      "end" : 1762,
      "text" : "que",
      "whiteSpace" : false
    }, {
      "id" : "s11-t28",
      "begin" : 1763,
      "end" : 1770,
      "text" : "desejar",
      "whiteSpace" : false
    }, {
      "id" : "s11-t29",
      "begin" : 1771,
      "end" : 1782,
      "text" : "rescindi-lo",
      "whiteSpace" : false
    }, {
      "id" : "s11-t30",
      "begin" : 1782,
      "end" : 1783,
      "text" : ",",
      "whiteSpace" : false
    }, {
      "id" : "s11-t31",
      "begin" : 1784,
      "end" : 1793,
      "text" : "comunicar",
      "whiteSpace" : false
    }, {
      "id" : "s11-t32",
      "begin" : 1794,
      "end" : 1795,
      "text" : "a",
      "whiteSpace" : false
    }, {
      "id" : "s11-t33",
      "begin" : 1796,
      "end" : 1801,
      "text" : "outra",
      "whiteSpace" : false
    }, {
      "id" : "s11-t34",
      "begin" : 1802,
      "end" : 1805,
      "text" : "com",
      "whiteSpace" : false
    }, {
      "id" : "s11-t35",
      "begin" : 1806,
      "end" : 1818,
      "text" : "aviso-prévio",
      "whiteSpace" : false
    }, {
      "id" : "s11-t36",
      "begin" : 1819,
      "end" : 1825,
      "text" : "mínimo",
      "whiteSpace" : false
    }, {
      "id" : "s11-t37",
      "begin" : 1826,
      "end" : 1828,
      "text" : "de",
      "whiteSpace" : false
    }, {
      "id" : "s11-t38",
      "begin" : 1829,
      "end" : 1831,
      "text" : "35",
      "whiteSpace" : false
    }, {
      "id" : "s11-t39",
      "begin" : 1832,
      "end" : 1836,
      "text" : "dias",
      "whiteSpace" : false
    }, {
      "id" : "s11-t40",
      "begin" : 1836,
      "end" : 1837,
      "text" : ".",
      "whiteSpace" : false
    } ]
  }, {
    "id" : "s12",
    "begin" : 1841,
    "end" : 1863,
    "text" : "DA JORNADA DE TRABALHO",
    "tokens" : [ {
      "id" : "s12-t0",
      "begin" : 1841,
      "end" : 1843,
      "text" : "DA",
      "whiteSpace" : false
    }, {
      "id" : "s12-t1",
      "begin" : 1844,
      "end" : 1851,
      "text" : "JORNADA",
      "whiteSpace" : false
    }, {
      "id" : "s12-t2",
      "begin" : 1852,
      "end" : 1854,
      "text" : "DE",
      "whiteSpace" : false
    }, {
      "id" : "s12-t3",
      "begin" : 1855,
      "end" : 1863,
      "text" : "TRABALHO",
      "whiteSpace" : false
    } ]
  }, {
    "id" : "s13",
    "begin" : 1867,
    "end" : 2112,
    "text" : "Cláusula 5ª – O trabalho executado pelo empregado consistirá na jornada diária de 7 horas de 8:00 a 18:00, na Segunda, terça, quinta e sexta-feira, com intervalo para repouso/refeição, das 14:00 a 14:00, perfazendo um total de 28 horas semanais.",
    "tokens" : [ {
      "id" : "s13-t0",
      "begin" : 1867,
      "end" : 1875,
      "text" : "Cláusula",
      "whiteSpace" : false
    }, {
      "id" : "s13-t1",
      "begin" : 1876,
      "end" : 1878,
      "text" : "5ª",
      "whiteSpace" : false
    }, {
      "id" : "s13-t2",
      "begin" : 1879,
      "end" : 1880,
      "text" : "–",
      "whiteSpace" : false
    }, {
      "id" : "s13-t3",
      "begin" : 1881,
      "end" : 1882,
      "text" : "O",
      "whiteSpace" : false
    }, {
      "id" : "s13-t4",
      "begin" : 1883,
      "end" : 1891,
      "text" : "trabalho",
      "whiteSpace" : false
    }, {
      "id" : "s13-t5",
      "begin" : 1892,
      "end" : 1901,
      "text" : "executado",
      "whiteSpace" : false
    }, {
      "id" : "s13-t6",
      "begin" : 1902,
      "end" : 1906,
      "text" : "pelo",
      "whiteSpace" : false
    }, {
      "id" : "s13-t7",
      "begin" : 1907,
      "end" : 1916,
      "text" : "empregado",
      "whiteSpace" : false
    }, {
      "id" : "s13-t8",
      "begin" : 1917,
      "end" : 1927,
      "text" : "consistirá",
      "whiteSpace" : false
    }, {
      "id" : "s13-t9",
      "begin" : 1928,
      "end" : 1930,
      "text" : "na",
      "whiteSpace" : false
    }, {
      "id" : "s13-t10",
      "begin" : 1931,
      "end" : 1938,
      "text" : "jornada",
      "whiteSpace" : false
    }, {
      "id" : "s13-t11",
      "begin" : 1939,
      "end" : 1945,
      "text" : "diária",
      "whiteSpace" : false
    }, {
      "id" : "s13-t12",
      "begin" : 1946,
      "end" : 1948,
      "text" : "de",
      "whiteSpace" : false
    }, {
      "id" : "s13-t13",
      "begin" : 1949,
      "end" : 1950,
      "text" : "7",
      "whiteSpace" : false
    }, {
      "id" : "s13-t14",
      "begin" : 1951,
      "end" : 1956,
      "text" : "horas",
      "whiteSpace" : false
    }, {
      "id" : "s13-t15",
      "begin" : 1957,
      "end" : 1959,
      "text" : "de",
      "whiteSpace" : false
    }, {
      "id" : "s13-t16",
      "begin" : 1960,
      "end" : 1964,
      "text" : "8:00",
      "whiteSpace" : false
    }, {
      "id" : "s13-t17",
      "begin" : 1965,
      "end" : 1966,
      "text" : "a",
      "whiteSpace" : false
    }, {
      "id" : "s13-t18",
      "begin" : 1967,
      "end" : 1972,
      "text" : "18:00",
      "whiteSpace" : false
    }, {
      "id" : "s13-t19",
      "begin" : 1972,
      "end" : 1973,
      "text" : ",",
      "whiteSpace" : false
    }, {
      "id" : "s13-t20",
      "begin" : 1974,
      "end" : 1976,
      "text" : "na",
      "whiteSpace" : false
    }, {
      "id" : "s13-t21",
      "begin" : 1977,
      "end" : 1984,
      "text" : "Segunda",
      "whiteSpace" : false
    }, {
      "id" : "s13-t22",
      "begin" : 1984,
      "end" : 1985,
      "text" : ",",
      "whiteSpace" : false
    }, {
      "id" : "s13-t23",
      "begin" : 1986,
      "end" : 1991,
      "text" : "terça",
      "whiteSpace" : false
    }, {
      "id" : "s13-t24",
      "begin" : 1991,
      "end" : 1992,
      "text" : ",",
      "whiteSpace" : false
    }, {
      "id" : "s13-t25",
      "begin" : 1993,
      "end" : 1999,
      "text" : "quinta",
      "whiteSpace" : false
    }, {
      "id" : "s13-t26",
      "begin" : 2000,
      "end" : 2001,
      "text" : "e",
      "whiteSpace" : false
    }, {
      "id" : "s13-t27",
      "begin" : 2002,
      "end" : 2013,
      "text" : "sexta-feira",
      "whiteSpace" : false
    }, {
      "id" : "s13-t28",
      "begin" : 2013,
      "end" : 2014,
      "text" : ",",
      "whiteSpace" : false
    }, {
      "id" : "s13-t29",
      "begin" : 2015,
      "end" : 2018,
      "text" : "com",
      "whiteSpace" : false
    }, {
      "id" : "s13-t30",
      "begin" : 2019,
      "end" : 2028,
      "text" : "intervalo",
      "whiteSpace" : false
    }, {
      "id" : "s13-t31",
      "begin" : 2029,
      "end" : 2033,
      "text" : "para",
      "whiteSpace" : false
    }, {
      "id" : "s13-t32",
      "begin" : 2034,
      "end" : 2041,
      "text" : "repouso",
      "whiteSpace" : false
    }, {
      "id" : "s13-t33",
      "begin" : 2041,
      "end" : 2042,
      "text" : "/",
      "whiteSpace" : false
    }, {
      "id" : "s13-t34",
      "begin" : 2042,
      "end" : 2050,
      "text" : "refeição",
      "whiteSpace" : false
    }, {
      "id" : "s13-t35",
      "begin" : 2050,
      "end" : 2051,
      "text" : ",",
      "whiteSpace" : false
    }, {
      "id" : "s13-t36",
      "begin" : 2052,
      "end" : 2055,
      "text" : "das",
      "whiteSpace" : false
    }, {
      "id" : "s13-t37",
      "begin" : 2056,
      "end" : 2061,
      "text" : "14:00",
      "whiteSpace" : false
    }, {
      "id" : "s13-t38",
      "begin" : 2062,
      "end" : 2063,
      "text" : "a",
      "whiteSpace" : false
    }, {
      "id" : "s13-t39",
      "begin" : 2064,
      "end" : 2069,
      "text" : "14:00",
      "whiteSpace" : false
    }, {
      "id" : "s13-t40",
      "begin" : 2069,
      "end" : 2070,
      "text" : ",",
      "whiteSpace" : false
    }, {
      "id" : "s13-t41",
      "begin" : 2071,
      "end" : 2081,
      "text" : "perfazendo",
      "whiteSpace" : false
    }, {
      "id" : "s13-t42",
      "begin" : 2082,
      "end" : 2084,
      "text" : "um",
      "whiteSpace" : false
    }, {
      "id" : "s13-t43",
      "begin" : 2085,
      "end" : 2090,
      "text" : "total",
      "whiteSpace" : false
    }, {
      "id" : "s13-t44",
      "begin" : 2091,
      "end" : 2093,
      "text" : "de",
      "whiteSpace" : false
    }, {
      "id" : "s13-t45",
      "begin" : 2094,
      "end" : 2096,
      "text" : "28",
      "whiteSpace" : false
    }, {
      "id" : "s13-t46",
      "begin" : 2097,
      "end" : 2102,
      "text" : "horas",
      "whiteSpace" : false
    }, {
      "id" : "s13-t47",
      "begin" : 2103,
      "end" : 2111,
      "text" : "semanais",
      "whiteSpace" : false
    }, {
      "id" : "s13-t48",
      "begin" : 2111,
      "end" : 2112,
      "text" : ".",
      "whiteSpace" : false
    } ]
  }, {
    "id" : "s14",
    "begin" : 2116,
    "end" : 2130,
    "text" : "DA REMUNERAÇÃO",
    "tokens" : [ {
      "id" : "s14-t0",
      "begin" : 2116,
      "end" : 2118,
      "text" : "DA",
      "whiteSpace" : false
    }, {
      "id" : "s14-t1",
      "begin" : 2119,
      "end" : 2130,
      "text" : "REMUNERAÇÃO",
      "whiteSpace" : false
    } ]
  }, {
    "id" : "s15",
    "begin" : 2134,
    "end" : 2271,
    "text" : "Cláusula 6ª - O empregado receberá a quantia horária de R$ um milhão e novecentos mil, efetuados os devidos descontos permitidos por lei.",
    "tokens" : [ {
      "id" : "s15-t0",
      "begin" : 2134,
      "end" : 2142,
      "text" : "Cláusula",
      "whiteSpace" : false
    }, {
      "id" : "s15-t1",
      "begin" : 2143,
      "end" : 2145,
      "text" : "6ª",
      "whiteSpace" : false
    }, {
      "id" : "s15-t2",
      "begin" : 2146,
      "end" : 2147,
      "text" : "-",
      "whiteSpace" : false
    }, {
      "id" : "s15-t3",
      "begin" : 2148,
      "end" : 2149,
      "text" : "O",
      "whiteSpace" : false
    }, {
      "id" : "s15-t4",
      "begin" : 2150,
      "end" : 2159,
      "text" : "empregado",
      "whiteSpace" : false
    }, {
      "id" : "s15-t5",
      "begin" : 2160,
      "end" : 2168,
      "text" : "receberá",
      "whiteSpace" : false
    }, {
      "id" : "s15-t6",
      "begin" : 2169,
      "end" : 2170,
      "text" : "a",
      "whiteSpace" : false
    }, {
      "id" : "s15-t7",
      "begin" : 2171,
      "end" : 2178,
      "text" : "quantia",
      "whiteSpace" : false
    }, {
      "id" : "s15-t8",
      "begin" : 2179,
      "end" : 2186,
      "text" : "horária",
      "whiteSpace" : false
    }, {
      "id" : "s15-t9",
      "begin" : 2187,
      "end" : 2189,
      "text" : "de",
      "whiteSpace" : false
    }, {
      "id" : "s15-t10",
      "begin" : 2190,
      "end" : 2192,
      "text" : "R$",
      "whiteSpace" : false
    }, {
      "id" : "s15-t11",
      "begin" : 2193,
      "end" : 2195,
      "text" : "um",
      "whiteSpace" : false
    }, {
      "id" : "s15-t12",
      "begin" : 2196,
      "end" : 2202,
      "text" : "milhão",
      "whiteSpace" : false
    }, {
      "id" : "s15-t13",
      "begin" : 2203,
      "end" : 2204,
      "text" : "e",
      "whiteSpace" : false
    }, {
      "id" : "s15-t14",
      "begin" : 2205,
      "end" : 2215,
      "text" : "novecentos",
      "whiteSpace" : false
    }, {
      "id" : "s15-t15",
      "begin" : 2216,
      "end" : 2219,
      "text" : "mil",
      "whiteSpace" : false
    }, {
      "id" : "s15-t16",
      "begin" : 2219,
      "end" : 2220,
      "text" : ",",
      "whiteSpace" : false
    }, {
      "id" : "s15-t17",
      "begin" : 2221,
      "end" : 2230,
      "text" : "efetuados",
      "whiteSpace" : false
    }, {
      "id" : "s15-t18",
      "begin" : 2231,
      "end" : 2233,
      "text" : "os",
      "whiteSpace" : false
    }, {
      "id" : "s15-t19",
      "begin" : 2234,
      "end" : 2241,
      "text" : "devidos",
      "whiteSpace" : false
    }, {
      "id" : "s15-t20",
      "begin" : 2242,
      "end" : 2251,
      "text" : "descontos",
      "whiteSpace" : false
    }, {
      "id" : "s15-t21",
      "begin" : 2252,
      "end" : 2262,
      "text" : "permitidos",
      "whiteSpace" : false
    }, {
      "id" : "s15-t22",
      "begin" : 2263,
      "end" : 2266,
      "text" : "por",
      "whiteSpace" : false
    }, {
      "id" : "s15-t23",
      "begin" : 2267,
      "end" : 2270,
      "text" : "lei",
      "whiteSpace" : false
    }, {
      "id" : "s15-t24",
      "begin" : 2270,
      "end" : 2271,
      "text" : ".",
      "whiteSpace" : false
    } ]
  } ],
  "mentions" : [ {
    "id" : "s0-m1",
    "properties" : {
      "SIRE_MENTION_ROLE" : "EMPRESA",
      "SIRE_ENTITY_SUBTYPE" : "NONE",
      "SIRE_MENTION_TYPE" : "NONE",
      "SIRE_MENTION_CLASS" : "SPC"
    },
    "type" : "EMPRESA",
    "begin" : 12,
    "end" : 32,
    "inCoref" : true
  }, {
    "id" : "s0-m2",
    "properties" : {
      "SIRE_MENTION_ROLE" : "ESTADO",
      "SIRE_ENTITY_SUBTYPE" : "NONE",
      "SIRE_MENTION_TYPE" : "NONE",
      "SIRE_MENTION_CLASS" : "SPC"
    },
    "type" : "ESTADO",
    "begin" : 55,
    "end" : 57,
    "inCoref" : false
  }, {
    "id" : "s0-m3",
    "properties" : {
      "SIRE_MENTION_ROLE" : "CIDADE",
      "SIRE_ENTITY_SUBTYPE" : "NONE",
      "SIRE_MENTION_TYPE" : "NONE",
      "SIRE_MENTION_CLASS" : "SPC"
    },
    "type" : "CIDADE",
    "begin" : 71,
    "end" : 79,
    "inCoref" : false
  }, {
    "id" : "s0-m4",
    "properties" : {
      "SIRE_MENTION_ROLE" : "ENDERECO",
      "SIRE_ENTITY_SUBTYPE" : "NONE",
      "SIRE_MENTION_TYPE" : "NONE",
      "SIRE_MENTION_CLASS" : "SPC"
    },
    "type" : "ENDERECO",
    "begin" : 90,
    "end" : 101,
    "inCoref" : false
  }, {
    "id" : "s0-m5",
    "properties" : {
      "SIRE_MENTION_ROLE" : "BAIRRO",
      "SIRE_ENTITY_SUBTYPE" : "NONE",
      "SIRE_MENTION_TYPE" : "NONE",
      "SIRE_MENTION_CLASS" : "SPC"
    },
    "type" : "BAIRRO",
    "begin" : 110,
    "end" : 125,
    "inCoref" : false
  }, {
    "id" : "s0-m6",
    "properties" : {
      "SIRE_MENTION_ROLE" : "CEP",
      "SIRE_ENTITY_SUBTYPE" : "NONE",
      "SIRE_MENTION_TYPE" : "NONE",
      "SIRE_MENTION_CLASS" : "SPC"
    },
    "type" : "CEP",
    "begin" : 131,
    "end" : 140,
    "inCoref" : false
  }, {
    "id" : "s0-m7",
    "properties" : {
      "SIRE_MENTION_ROLE" : "CNPJ",
      "SIRE_ENTITY_SUBTYPE" : "NONE",
      "SIRE_MENTION_TYPE" : "NONE",
      "SIRE_MENTION_CLASS" : "SPC"
    },
    "type" : "CNPJ",
    "begin" : 160,
    "end" : 179,
    "inCoref" : false
  }, {
    "id" : "s0-m8",
    "properties" : {
      "SIRE_MENTION_ROLE" : "PARTE",
      "SIRE_ENTITY_SUBTYPE" : "NONE",
      "SIRE_MENTION_TYPE" : "NONE",
      "SIRE_MENTION_CLASS" : "SPC"
    },
    "type" : "PARTE",
    "begin" : 208,
    "end" : 224,
    "inCoref" : true
  }, {
    "id" : "s0-m9",
    "properties" : {
      "SIRE_MENTION_ROLE" : "RG",
      "SIRE_ENTITY_SUBTYPE" : "NONE",
      "SIRE_MENTION_TYPE" : "NONE",
      "SIRE_MENTION_CLASS" : "SPC"
    },
    "type" : "RG",
    "begin" : 229,
    "end" : 240,
    "inCoref" : false
  }, {
    "id" : "s0-m10",
    "properties" : {
      "SIRE_MENTION_ROLE" : "CPF",
      "SIRE_ENTITY_SUBTYPE" : "NONE",
      "SIRE_MENTION_TYPE" : "NONE",
      "SIRE_MENTION_CLASS" : "SPC"
    },
    "type" : "CPF",
    "begin" : 249,
    "end" : 263,
    "inCoref" : false
  }, {
    "id" : "s0-m11",
    "properties" : {
      "SIRE_MENTION_ROLE" : "ENDERECO",
      "SIRE_ENTITY_SUBTYPE" : "NONE",
      "SIRE_MENTION_TYPE" : "NONE",
      "SIRE_MENTION_CLASS" : "SPC"
    },
    "type" : "ENDERECO",
    "begin" : 287,
    "end" : 313,
    "inCoref" : false
  }, {
    "id" : "s0-m12",
    "properties" : {
      "SIRE_MENTION_ROLE" : "BAIRRO",
      "SIRE_ENTITY_SUBTYPE" : "NONE",
      "SIRE_MENTION_TYPE" : "NONE",
      "SIRE_MENTION_CLASS" : "SPC"
    },
    "type" : "BAIRRO",
    "begin" : 322,
    "end" : 364,
    "inCoref" : false
  }, {
    "id" : "s0-m13",
    "properties" : {
      "SIRE_MENTION_ROLE" : "CEP",
      "SIRE_ENTITY_SUBTYPE" : "NONE",
      "SIRE_MENTION_TYPE" : "NONE",
      "SIRE_MENTION_CLASS" : "SPC"
    },
    "type" : "CEP",
    "begin" : 370,
    "end" : 379,
    "inCoref" : false
  }, {
    "id" : "s0-m14",
    "properties" : {
      "SIRE_MENTION_ROLE" : "CIDADE",
      "SIRE_ENTITY_SUBTYPE" : "NONE",
      "SIRE_MENTION_TYPE" : "NONE",
      "SIRE_MENTION_CLASS" : "SPC"
    },
    "type" : "CIDADE",
    "begin" : 388,
    "end" : 407,
    "inCoref" : false
  }, {
    "id" : "s0-m15",
    "properties" : {
      "SIRE_MENTION_ROLE" : "ESTADO",
      "SIRE_ENTITY_SUBTYPE" : "NONE",
      "SIRE_MENTION_TYPE" : "NONE",
      "SIRE_MENTION_CLASS" : "SPC"
    },
    "type" : "ESTADO",
    "begin" : 419,
    "end" : 423,
    "inCoref" : false
  }, {
    "id" : "s1-m1",
    "properties" : {
      "SIRE_MENTION_ROLE" : "PARTE",
      "SIRE_ENTITY_SUBTYPE" : "NONE",
      "SIRE_MENTION_TYPE" : "NONE",
      "SIRE_MENTION_CLASS" : "SPC"
    },
    "type" : "PARTE",
    "begin" : 438,
    "end" : 450,
    "inCoref" : true
  }, {
    "id" : "s1-m2",
    "properties" : {
      "SIRE_MENTION_ROLE" : "PROFISSAO",
      "SIRE_ENTITY_SUBTYPE" : "NONE",
      "SIRE_MENTION_TYPE" : "NONE",
      "SIRE_MENTION_CLASS" : "SPC"
    },
    "type" : "PROFISSAO",
    "begin" : 452,
    "end" : 465,
    "inCoref" : false
  }, {
    "id" : "s1-m3",
    "properties" : {
      "SIRE_MENTION_ROLE" : "ESTADO_CIVIL",
      "SIRE_ENTITY_SUBTYPE" : "NONE",
      "SIRE_MENTION_TYPE" : "NONE",
      "SIRE_MENTION_CLASS" : "SPC"
    },
    "type" : "ESTADO_CIVIL",
    "begin" : 467,
    "end" : 476,
    "inCoref" : false
  }, {
    "id" : "s1-m4",
    "properties" : {
      "SIRE_MENTION_ROLE" : "CIDADE",
      "SIRE_ENTITY_SUBTYPE" : "NONE",
      "SIRE_MENTION_TYPE" : "NONE",
      "SIRE_MENTION_CLASS" : "SPC"
    },
    "type" : "CIDADE",
    "begin" : 489,
    "end" : 497,
    "inCoref" : false
  }, {
    "id" : "s1-m5",
    "properties" : {
      "SIRE_MENTION_ROLE" : "BAIRRO",
      "SIRE_ENTITY_SUBTYPE" : "NONE",
      "SIRE_MENTION_TYPE" : "NONE",
      "SIRE_MENTION_CLASS" : "SPC"
    },
    "type" : "BAIRRO",
    "begin" : 524,
    "end" : 540,
    "inCoref" : false
  }, {
    "id" : "s1-m6",
    "properties" : {
      "SIRE_MENTION_ROLE" : "ENDERECO",
      "SIRE_ENTITY_SUBTYPE" : "NONE",
      "SIRE_MENTION_TYPE" : "NONE",
      "SIRE_MENTION_CLASS" : "SPC"
    },
    "type" : "ENDERECO",
    "begin" : 546,
    "end" : 582,
    "inCoref" : false
  }, {
    "id" : "s1-m7",
    "properties" : {
      "SIRE_MENTION_ROLE" : "ESTADO",
      "SIRE_ENTITY_SUBTYPE" : "NONE",
      "SIRE_MENTION_TYPE" : "NONE",
      "SIRE_MENTION_CLASS" : "SPC"
    },
    "type" : "ESTADO",
    "begin" : 597,
    "end" : 599,
    "inCoref" : false
  }, {
    "id" : "s2-m5",
    "properties" : {
      "SIRE_MENTION_ROLE" : "PARTE",
      "SIRE_ENTITY_SUBTYPE" : "NONE",
      "SIRE_MENTION_TYPE" : "PRO",
      "SIRE_MENTION_CLASS" : "SPC"
    },
    "type" : "PARTE",
    "begin" : 601,
    "end" : 607,
    "inCoref" : true
  }, {
    "id" : "s2-m1",
    "properties" : {
      "SIRE_MENTION_ROLE" : "RG",
      "SIRE_ENTITY_SUBTYPE" : "NONE",
      "SIRE_MENTION_TYPE" : "NONE",
      "SIRE_MENTION_CLASS" : "SPC"
    },
    "type" : "RG",
    "begin" : 638,
    "end" : 650,
    "inCoref" : false
  }, {
    "id" : "s2-m2",
    "properties" : {
      "SIRE_MENTION_ROLE" : "CPF",
      "SIRE_ENTITY_SUBTYPE" : "NONE",
      "SIRE_MENTION_TYPE" : "NONE",
      "SIRE_MENTION_CLASS" : "SPC"
    },
    "type" : "CPF",
    "begin" : 656,
    "end" : 667,
    "inCoref" : false
  }, {
    "id" : "s2-m3",
    "properties" : {
      "SIRE_MENTION_ROLE" : "CTPS",
      "SIRE_ENTITY_SUBTYPE" : "NONE",
      "SIRE_MENTION_TYPE" : "NONE",
      "SIRE_MENTION_CLASS" : "SPC"
    },
    "type" : "CTPS",
    "begin" : 676,
    "end" : 682,
    "inCoref" : false
  }, {
    "id" : "s2-m4",
    "properties" : {
      "SIRE_MENTION_ROLE" : "CTPS",
      "SIRE_ENTITY_SUBTYPE" : "NONE",
      "SIRE_MENTION_TYPE" : "NONE",
      "SIRE_MENTION_CLASS" : "SPC"
    },
    "type" : "CTPS",
    "begin" : 689,
    "end" : 697,
    "inCoref" : false
  }, {
    "id" : "s7-m1",
    "properties" : {
      "SIRE_MENTION_ROLE" : "PARTE",
      "SIRE_ENTITY_SUBTYPE" : "NONE",
      "SIRE_MENTION_TYPE" : "NONE",
      "SIRE_MENTION_CLASS" : "SPC"
    },
    "type" : "PARTE",
    "begin" : 1078,
    "end" : 1088,
    "inCoref" : true
  }, {
    "id" : "s7-m2",
    "properties" : {
      "SIRE_MENTION_ROLE" : "PARTE",
      "SIRE_ENTITY_SUBTYPE" : "NONE",
      "SIRE_MENTION_TYPE" : "NONE",
      "SIRE_MENTION_CLASS" : "SPC"
    },
    "type" : "PARTE",
    "begin" : 1179,
    "end" : 1188,
    "inCoref" : true
  }, {
    "id" : "s7-m3",
    "properties" : {
      "SIRE_MENTION_ROLE" : "PROFISSAO",
      "SIRE_ENTITY_SUBTYPE" : "NONE",
      "SIRE_MENTION_TYPE" : "NONE",
      "SIRE_MENTION_CLASS" : "SPC"
    },
    "type" : "PROFISSAO",
    "begin" : 1203,
    "end" : 1212,
    "inCoref" : true
  }, {
    "id" : "s9-m1",
    "properties" : {
      "SIRE_MENTION_ROLE" : "EMPRESA",
      "SIRE_ENTITY_SUBTYPE" : "NONE",
      "SIRE_MENTION_TYPE" : "NONE",
      "SIRE_MENTION_CLASS" : "SPC"
    },
    "type" : "EMPRESA",
    "begin" : 1299,
    "end" : 1305,
    "inCoref" : true
  }, {
    "id" : "s9-m2",
    "properties" : {
      "SIRE_MENTION_ROLE" : "CIDADE",
      "SIRE_ENTITY_SUBTYPE" : "NONE",
      "SIRE_MENTION_TYPE" : "NONE",
      "SIRE_MENTION_CLASS" : "SPC"
    },
    "type" : "CIDADE",
    "begin" : 1331,
    "end" : 1344,
    "inCoref" : false
  }, {
    "id" : "s9-m3",
    "properties" : {
      "SIRE_MENTION_ROLE" : "PARTE",
      "SIRE_ENTITY_SUBTYPE" : "NONE",
      "SIRE_MENTION_TYPE" : "NONE",
      "SIRE_MENTION_CLASS" : "SPC"
    },
    "type" : "PARTE",
    "begin" : 1356,
    "end" : 1366,
    "inCoref" : true
  }, {
    "id" : "s9-m4",
    "properties" : {
      "SIRE_MENTION_ROLE" : "PARTE",
      "SIRE_ENTITY_SUBTYPE" : "NONE",
      "SIRE_MENTION_TYPE" : "NONE",
      "SIRE_MENTION_CLASS" : "SPC"
    },
    "type" : "PARTE",
    "begin" : 1401,
    "end" : 1410,
    "inCoref" : true
  }, {
    "id" : "s9-m5",
    "properties" : {
      "SIRE_MENTION_ROLE" : "EMPRESA",
      "SIRE_ENTITY_SUBTYPE" : "NONE",
      "SIRE_MENTION_TYPE" : "NONE",
      "SIRE_MENTION_CLASS" : "SPC"
    },
    "type" : "EMPRESA",
    "begin" : 1459,
    "end" : 1489,
    "inCoref" : true
  }, {
    "id" : "s11-m2",
    "properties" : {
      "SIRE_MENTION_ROLE" : "PARTE",
      "SIRE_ENTITY_SUBTYPE" : "NONE",
      "SIRE_MENTION_TYPE" : "NONE",
      "SIRE_MENTION_CLASS" : "GEN"
    },
    "type" : "PARTE",
    "begin" : 1753,
    "end" : 1758,
    "inCoref" : false
  }, {
    "id" : "s11-m1",
    "properties" : {
      "SIRE_MENTION_ROLE" : "PARTE",
      "SIRE_ENTITY_SUBTYPE" : "NONE",
      "SIRE_MENTION_TYPE" : "NONE",
      "SIRE_MENTION_CLASS" : "GEN"
    },
    "type" : "PARTE",
    "begin" : 1796,
    "end" : 1801,
    "inCoref" : false
  }, {
    "id" : "s11-m3",
    "properties" : {
      "SIRE_MENTION_ROLE" : "PRAZO_DE_AVISO_PREVIO",
      "SIRE_ENTITY_SUBTYPE" : "NONE",
      "SIRE_MENTION_TYPE" : "NONE",
      "SIRE_MENTION_CLASS" : "SPC"
    },
    "type" : "PRAZO_DE_AVISO_PREVIO",
    "begin" : 1829,
    "end" : 1836,
    "inCoref" : false
  }, {
    "id" : "s13-m1",
    "properties" : {
      "SIRE_MENTION_ROLE" : "PROFISSAO",
      "SIRE_ENTITY_SUBTYPE" : "NONE",
      "SIRE_MENTION_TYPE" : "NONE",
      "SIRE_MENTION_CLASS" : "SPC"
    },
    "type" : "PROFISSAO",
    "begin" : 1881,
    "end" : 1891,
    "inCoref" : true
  }, {
    "id" : "s13-m2",
    "properties" : {
      "SIRE_MENTION_ROLE" : "PARTE",
      "SIRE_ENTITY_SUBTYPE" : "NONE",
      "SIRE_MENTION_TYPE" : "NONE",
      "SIRE_MENTION_CLASS" : "SPC"
    },
    "type" : "PARTE",
    "begin" : 1907,
    "end" : 1916,
    "inCoref" : true
  }, {
    "id" : "s13-m3",
    "properties" : {
      "SIRE_MENTION_ROLE" : "CARGA_HORARIA",
      "SIRE_ENTITY_SUBTYPE" : "NONE",
      "SIRE_MENTION_TYPE" : "NONE",
      "SIRE_MENTION_CLASS" : "SPC"
    },
    "type" : "CARGA_HORARIA",
    "begin" : 1931,
    "end" : 1972,
    "inCoref" : false
  }, {
    "id" : "s13-m4",
    "properties" : {
      "SIRE_MENTION_ROLE" : "CARGA_HORARIA",
      "SIRE_ENTITY_SUBTYPE" : "NONE",
      "SIRE_MENTION_TYPE" : "NONE",
      "SIRE_MENTION_CLASS" : "SPC"
    },
    "type" : "CARGA_HORARIA",
    "begin" : 1977,
    "end" : 2013,
    "inCoref" : false
  }, {
    "id" : "s13-m5",
    "properties" : {
      "SIRE_MENTION_ROLE" : "INTERVALO",
      "SIRE_ENTITY_SUBTYPE" : "NONE",
      "SIRE_MENTION_TYPE" : "NONE",
      "SIRE_MENTION_CLASS" : "SPC"
    },
    "type" : "INTERVALO",
    "begin" : 2056,
    "end" : 2069,
    "inCoref" : false
  }, {
    "id" : "s13-m6",
    "properties" : {
      "SIRE_MENTION_ROLE" : "CARGA_HORARIA",
      "SIRE_ENTITY_SUBTYPE" : "NONE",
      "SIRE_MENTION_TYPE" : "NONE",
      "SIRE_MENTION_CLASS" : "SPC"
    },
    "type" : "CARGA_HORARIA",
    "begin" : 2094,
    "end" : 2111,
    "inCoref" : false
  }, {
    "id" : "s15-m2",
    "properties" : {
      "SIRE_MENTION_ROLE" : "FREQ_SALARIO",
      "SIRE_ENTITY_SUBTYPE" : "NONE",
      "SIRE_MENTION_TYPE" : "NONE",
      "SIRE_MENTION_CLASS" : "SPC"
    },
    "type" : "FREQ_SALARIO",
    "begin" : 2179,
    "end" : 2186,
    "inCoref" : false
  }, {
    "id" : "s15-m1",
    "properties" : {
      "SIRE_MENTION_ROLE" : "SALARIO",
      "SIRE_ENTITY_SUBTYPE" : "NONE",
      "SIRE_MENTION_TYPE" : "NONE",
      "SIRE_MENTION_CLASS" : "SPC"
    },
    "type" : "SALARIO",
    "begin" : 2190,
    "end" : 2219,
    "inCoref" : false
  } ],
  "relations" : [ {
    "id" : "s0-r1",
    "properties" : { },
    "type" : "localizadaEm",
    "args" : [ "s0-m1", "s0-m2" ]
  }, {
    "id" : "s0-r2",
    "properties" : { },
    "type" : "localizadaEm",
    "args" : [ "s0-m1", "s0-m3" ]
  }, {
    "id" : "s0-r3",
    "properties" : { },
    "type" : "localizadaEm",
    "args" : [ "s0-m1", "s0-m4" ]
  }, {
    "id" : "s0-r4",
    "properties" : { },
    "type" : "localizadaEm",
    "args" : [ "s0-m1", "s0-m5" ]
  }, {
    "id" : "s0-r5",
    "properties" : { },
    "type" : "localizadaEm",
    "args" : [ "s0-m1", "s0-m6" ]
  }, {
    "id" : "s0-r6",
    "properties" : { },
    "type" : "cnpjDe",
    "args" : [ "s0-m7", "s0-m1" ]
  }, {
    "id" : "s0-r7",
    "properties" : { },
    "type" : "representa",
    "args" : [ "s0-m8", "s0-m1" ]
  }, {
    "id" : "s0-r8",
    "properties" : { },
    "type" : "documentoDe",
    "args" : [ "s0-m9", "s0-m8" ]
  }, {
    "id" : "s0-r9",
    "properties" : { },
    "type" : "documentoDe",
    "args" : [ "s0-m10", "s0-m8" ]
  }, {
    "id" : "s0-r10",
    "properties" : { },
    "type" : "residenteDe",
    "args" : [ "s0-m8", "s0-m11" ]
  }, {
    "id" : "s0-r11",
    "properties" : { },
    "type" : "residenteDe",
    "args" : [ "s0-m8", "s0-m12" ]
  }, {
    "id" : "s0-r12",
    "properties" : { },
    "type" : "residenteDe",
    "args" : [ "s0-m8", "s0-m13" ]
  }, {
    "id" : "s0-r13",
    "properties" : { },
    "type" : "residenteDe",
    "args" : [ "s0-m8", "s0-m14" ]
  }, {
    "id" : "s0-r14",
    "properties" : { },
    "type" : "residenteDe",
    "args" : [ "s0-m8", "s0-m15" ]
  }, {
    "id" : "s1-r1",
    "properties" : { },
    "type" : "situacaoCivilDe",
    "args" : [ "s1-m3", "s1-m1" ]
  }, {
    "id" : "s1-r2",
    "properties" : { },
    "type" : "profissaoDe",
    "args" : [ "s1-m2", "s1-m1" ]
  }, {
    "id" : "s1-r3",
    "properties" : { },
    "type" : "residenteDe",
    "args" : [ "s1-m1", "s1-m4" ]
  }, {
    "id" : "s1-r4",
    "properties" : { },
    "type" : "residenteDe",
    "args" : [ "s1-m1", "s1-m5" ]
  }, {
    "id" : "s1-r5",
    "properties" : { },
    "type" : "residenteDe",
    "args" : [ "s1-m1", "s1-m6" ]
  }, {
    "id" : "s1-r6",
    "properties" : { },
    "type" : "residenteDe",
    "args" : [ "s1-m1", "s1-m7" ]
  }, {
    "id" : "s2-r1",
    "properties" : { },
    "type" : "documentoDe",
    "args" : [ "s2-m1", "s2-m5" ]
  }, {
    "id" : "s2-r2",
    "properties" : { },
    "type" : "documentoDe",
    "args" : [ "s2-m2", "s2-m5" ]
  }, {
    "id" : "s2-r3",
    "properties" : { },
    "type" : "documentoDe",
    "args" : [ "s2-m3", "s2-m5" ]
  }, {
    "id" : "s2-r4",
    "properties" : { },
    "type" : "documentoDe",
    "args" : [ "s2-m4", "s2-m5" ]
  }, {
    "id" : "s7-r1",
    "properties" : { },
    "type" : "profissaoDe",
    "args" : [ "s7-m3", "s7-m2" ]
  }, {
    "id" : "s9-r1",
    "properties" : { },
    "type" : "localizadaEm",
    "args" : [ "s9-m5", "s9-m2" ]
  }, {
    "id" : "s9-r2",
    "properties" : { },
    "type" : "localizadaEm",
    "args" : [ "s9-m1", "s9-m2" ]
  }, {
    "id" : "s9-r3",
    "properties" : { },
    "type" : "representa",
    "args" : [ "s9-m3", "s9-m5" ]
  }, {
    "id" : "s9-r4",
    "properties" : { },
    "type" : "representa",
    "args" : [ "s9-m3", "s9-m1" ]
  }, {
    "id" : "s9-r5",
    "properties" : { },
    "type" : "empregadoDe",
    "args" : [ "s9-m4", "s9-m1" ]
  }, {
    "id" : "s9-r6",
    "properties" : { },
    "type" : "empregadoDe",
    "args" : [ "s9-m4", "s9-m5" ]
  }, {
    "id" : "s13-r1",
    "properties" : { },
    "type" : "profissaoDe",
    "args" : [ "s13-m1", "s13-m2" ]
  }, {
    "id" : "s15-r1",
    "properties" : { },
    "type" : "pagamento",
    "args" : [ "s15-m1", "s15-m2" ]
  } ],
  "corefs" : [ {
    "id" : "c1",
    "properties" : { },
    "mentions" : [ "s0-m1", "s9-m1", "s9-m5" ]
  }, {
    "id" : "c2",
    "properties" : { },
    "mentions" : [ "s13-m2", "s9-m4", "s7-m2", "s2-m5", "s1-m1" ]
  }, {
    "id" : "c3",
    "properties" : { },
    "mentions" : [ "s0-m8", "s7-m1", "s9-m3" ]
  }, {
    "id" : "c4",
    "properties" : { },
    "mentions" : [ "s7-m3", "s13-m1" ]
  } ],
  "typeResolved" : true,
  "userResolved" : false
}