{
  "id" : "e261bfe0-f8a5-11e9-a827-95123b186854-3",
  "name" : "doc4.txt",
  "createdDate" : 0,
  "version" : 3,
  "text" : "Empregador: Breno e Analu Assessoria Jurídica Ltda, empresa do estado de MG, com sede em Santa Maria, endereço Nossa Senhora da Conceição 50, bairro Jardim Primavera, CEP 123454212, inscrita sob CNPJ 37.653.952/0001-14, neste ato representado pelo Sr. Shakda Gellferd, RG 22.861.450-8, CPF nº 18964737091, residente no endereço Avenida Prefeito Rolando Moreira 336, bairro Marabaixo, CEP 77480-970, cidade Carapicuiba, no estado Acre;\r\n\r\nEmpregado Lumdguhe Zeissa, programador, casado, morador de São José dos Campos, com residência no bairro Pe Pequeno, rua Nossa Senhora da Conceição 50, no estado de MS. Possui carteira de identidade número 43.763.224-6, cpf 67007843018, e CTPS 111234 série 00000-AC.\r\n\r\nAs partes identificadas acima celebram entre si o presente contrato de trabalho por prazo indeterminado, regido pelas cláusulas seguintes e demais disposições legais vigentes:\r\n\r\n\r\n\r\nDAS DISPOSIÇÕES LEGAIS\r\n\r\nCláusula 1ª – O presente contrato de trabalho por prazo indeterminado tem como fundamento a Consolidação das Leis do Trabalho (CLT).\r\n\r\nDO LOCAL E DAS CONDIÇÕES DE TRABALHO\r\n\r\nCláusula 2º - O local de trabalho será na filial da empresa localizada em Rio de Janeiro, podendo o empregador, a qualquer momento, transferir o empregado em caráter definitivo ou temporário, para outra unidade/filial/estabelecimento, em qualquer localidade deste Estado ou de outro dentro do país.\r\n\r\nDA JORNADA DE TRABALHO\r\n\r\n\r\n\r\nDO OBJETIVO\r\n\r\nCláusula 3ª - O empregador admite aos seus serviços, na modalidade de contrato de trabalho por tempo indeterminado o empregado, na função de eletricista.Cláusula 4ª – O trabalho executado pelo empregado consistirá na jornada diária de 11 horas de 12:00 a 20:00, na Segunda a sexta, com intervalo para repouso/refeição, das 14:00 a 15:00, perfazendo um total de 55 horas semanais.\r\n\r\nDA VIGÊNCIA DO CONTRATO DE TRABALHO\r\n\r\nCláusula 5º - O presente contrato terá duração por prazo indeterminado, sendo assegurado às partes o direito de rescisão a qualquer momento, obrigando-se a parte que desejar rescindi-lo, comunicar a outra com aviso-prévio mínimo de 44 dias.\r\n\r\nDA REMUNERAÇÃO\r\n\r\nCláusula 6ª - O empregado receberá a quantia horária de nove mil e cinquenta reais, efetuados os devidos descontos permitidos por lei.",
  "docLength" : 0,
  "language" : "PT",
  "status" : "IN_PROGRESS",
  "modifiedDate" : 1572207679194,
  "documentSet" : [ ],
  "preannotation" : [ ],
  "sentences" : [ {
    "id" : "s0",
    "begin" : 0,
    "end" : 434,
    "text" : "Empregador: Breno e Analu Assessoria Jurídica Ltda, empresa do estado de MG, com sede em Santa Maria, endereço Nossa Senhora da Conceição 50, bairro Jardim Primavera, CEP 123454212, inscrita sob CNPJ 37.653.952/0001-14, neste ato representado pelo Sr. Shakda Gellferd, RG 22.861.450-8, CPF nº 18964737091, residente no endereço Avenida Prefeito Rolando Moreira 336, bairro Marabaixo, CEP 77480-970, cidade Carapicuiba, no estado Acre;",
    "tokens" : [ {
      "id" : "s0-t0",
      "begin" : 0,
      "end" : 10,
      "text" : "Empregador",
      "whiteSpace" : false
    }, {
      "id" : "s0-t1",
      "begin" : 10,
      "end" : 11,
      "text" : ":",
      "whiteSpace" : false
    }, {
      "id" : "s0-t2",
      "begin" : 12,
      "end" : 17,
      "text" : "Breno",
      "whiteSpace" : false
    }, {
      "id" : "s0-t3",
      "begin" : 18,
      "end" : 19,
      "text" : "e",
      "whiteSpace" : false
    }, {
      "id" : "s0-t4",
      "begin" : 20,
      "end" : 25,
      "text" : "Analu",
      "whiteSpace" : false
    }, {
      "id" : "s0-t5",
      "begin" : 26,
      "end" : 36,
      "text" : "Assessoria",
      "whiteSpace" : false
    }, {
      "id" : "s0-t6",
      "begin" : 37,
      "end" : 45,
      "text" : "Jurídica",
      "whiteSpace" : false
    }, {
      "id" : "s0-t7",
      "begin" : 46,
      "end" : 50,
      "text" : "Ltda",
      "whiteSpace" : false
    }, {
      "id" : "s0-t8",
      "begin" : 50,
      "end" : 51,
      "text" : ",",
      "whiteSpace" : false
    }, {
      "id" : "s0-t9",
      "begin" : 52,
      "end" : 59,
      "text" : "empresa",
      "whiteSpace" : false
    }, {
      "id" : "s0-t10",
      "begin" : 60,
      "end" : 62,
      "text" : "do",
      "whiteSpace" : false
    }, {
      "id" : "s0-t11",
      "begin" : 63,
      "end" : 69,
      "text" : "estado",
      "whiteSpace" : false
    }, {
      "id" : "s0-t12",
      "begin" : 70,
      "end" : 72,
      "text" : "de",
      "whiteSpace" : false
    }, {
      "id" : "s0-t13",
      "begin" : 73,
      "end" : 75,
      "text" : "MG",
      "whiteSpace" : false
    }, {
      "id" : "s0-t14",
      "begin" : 75,
      "end" : 76,
      "text" : ",",
      "whiteSpace" : false
    }, {
      "id" : "s0-t15",
      "begin" : 77,
      "end" : 80,
      "text" : "com",
      "whiteSpace" : false
    }, {
      "id" : "s0-t16",
      "begin" : 81,
      "end" : 85,
      "text" : "sede",
      "whiteSpace" : false
    }, {
      "id" : "s0-t17",
      "begin" : 86,
      "end" : 88,
      "text" : "em",
      "whiteSpace" : false
    }, {
      "id" : "s0-t18",
      "begin" : 89,
      "end" : 94,
      "text" : "Santa",
      "whiteSpace" : false
    }, {
      "id" : "s0-t19",
      "begin" : 95,
      "end" : 100,
      "text" : "Maria",
      "whiteSpace" : false
    }, {
      "id" : "s0-t20",
      "begin" : 100,
      "end" : 101,
      "text" : ",",
      "whiteSpace" : false
    }, {
      "id" : "s0-t21",
      "begin" : 102,
      "end" : 110,
      "text" : "endereço",
      "whiteSpace" : false
    }, {
      "id" : "s0-t22",
      "begin" : 111,
      "end" : 116,
      "text" : "Nossa",
      "whiteSpace" : false
    }, {
      "id" : "s0-t23",
      "begin" : 117,
      "end" : 124,
      "text" : "Senhora",
      "whiteSpace" : false
    }, {
      "id" : "s0-t24",
      "begin" : 125,
      "end" : 127,
      "text" : "da",
      "whiteSpace" : false
    }, {
      "id" : "s0-t25",
      "begin" : 128,
      "end" : 137,
      "text" : "Conceição",
      "whiteSpace" : false
    }, {
      "id" : "s0-t26",
      "begin" : 138,
      "end" : 140,
      "text" : "50",
      "whiteSpace" : false
    }, {
      "id" : "s0-t27",
      "begin" : 140,
      "end" : 141,
      "text" : ",",
      "whiteSpace" : false
    }, {
      "id" : "s0-t28",
      "begin" : 142,
      "end" : 148,
      "text" : "bairro",
      "whiteSpace" : false
    }, {
      "id" : "s0-t29",
      "begin" : 149,
      "end" : 155,
      "text" : "Jardim",
      "whiteSpace" : false
    }, {
      "id" : "s0-t30",
      "begin" : 156,
      "end" : 165,
      "text" : "Primavera",
      "whiteSpace" : false
    }, {
      "id" : "s0-t31",
      "begin" : 165,
      "end" : 166,
      "text" : ",",
      "whiteSpace" : false
    }, {
      "id" : "s0-t32",
      "begin" : 167,
      "end" : 170,
      "text" : "CEP",
      "whiteSpace" : false
    }, {
      "id" : "s0-t33",
      "begin" : 171,
      "end" : 180,
      "text" : "123454212",
      "whiteSpace" : false
    }, {
      "id" : "s0-t34",
      "begin" : 180,
      "end" : 181,
      "text" : ",",
      "whiteSpace" : false
    }, {
      "id" : "s0-t35",
      "begin" : 182,
      "end" : 190,
      "text" : "inscrita",
      "whiteSpace" : false
    }, {
      "id" : "s0-t36",
      "begin" : 191,
      "end" : 194,
      "text" : "sob",
      "whiteSpace" : false
    }, {
      "id" : "s0-t37",
      "begin" : 195,
      "end" : 199,
      "text" : "CNPJ",
      "whiteSpace" : false
    }, {
      "id" : "s0-t38",
      "begin" : 200,
      "end" : 219,
      "text" : "37.653.952/0001-14,",
      "whiteSpace" : false
    }, {
      "id" : "s0-t39",
      "begin" : 220,
      "end" : 225,
      "text" : "neste",
      "whiteSpace" : false
    }, {
      "id" : "s0-t40",
      "begin" : 226,
      "end" : 229,
      "text" : "ato",
      "whiteSpace" : false
    }, {
      "id" : "s0-t41",
      "begin" : 230,
      "end" : 242,
      "text" : "representado",
      "whiteSpace" : false
    }, {
      "id" : "s0-t42",
      "begin" : 243,
      "end" : 247,
      "text" : "pelo",
      "whiteSpace" : false
    }, {
      "id" : "s0-t43",
      "begin" : 248,
      "end" : 251,
      "text" : "Sr.",
      "whiteSpace" : false
    }, {
      "id" : "s0-t44",
      "begin" : 252,
      "end" : 258,
      "text" : "Shakda",
      "whiteSpace" : false
    }, {
      "id" : "s0-t45",
      "begin" : 259,
      "end" : 267,
      "text" : "Gellferd",
      "whiteSpace" : false
    }, {
      "id" : "s0-t46",
      "begin" : 267,
      "end" : 268,
      "text" : ",",
      "whiteSpace" : false
    }, {
      "id" : "s0-t47",
      "begin" : 269,
      "end" : 271,
      "text" : "RG",
      "whiteSpace" : false
    }, {
      "id" : "s0-t48",
      "begin" : 272,
      "end" : 284,
      "text" : "22.861.450-8",
      "whiteSpace" : false
    }, {
      "id" : "s0-t49",
      "begin" : 284,
      "end" : 285,
      "text" : ",",
      "whiteSpace" : false
    }, {
      "id" : "s0-t50",
      "begin" : 286,
      "end" : 289,
      "text" : "CPF",
      "whiteSpace" : false
    }, {
      "id" : "s0-t51",
      "begin" : 290,
      "end" : 292,
      "text" : "nº",
      "whiteSpace" : false
    }, {
      "id" : "s0-t52",
      "begin" : 293,
      "end" : 304,
      "text" : "18964737091",
      "whiteSpace" : false
    }, {
      "id" : "s0-t53",
      "begin" : 304,
      "end" : 305,
      "text" : ",",
      "whiteSpace" : false
    }, {
      "id" : "s0-t54",
      "begin" : 306,
      "end" : 315,
      "text" : "residente",
      "whiteSpace" : false
    }, {
      "id" : "s0-t55",
      "begin" : 316,
      "end" : 318,
      "text" : "no",
      "whiteSpace" : false
    }, {
      "id" : "s0-t56",
      "begin" : 319,
      "end" : 327,
      "text" : "endereço",
      "whiteSpace" : false
    }, {
      "id" : "s0-t57",
      "begin" : 328,
      "end" : 335,
      "text" : "Avenida",
      "whiteSpace" : false
    }, {
      "id" : "s0-t58",
      "begin" : 336,
      "end" : 344,
      "text" : "Prefeito",
      "whiteSpace" : false
    }, {
      "id" : "s0-t59",
      "begin" : 345,
      "end" : 352,
      "text" : "Rolando",
      "whiteSpace" : false
    }, {
      "id" : "s0-t60",
      "begin" : 353,
      "end" : 360,
      "text" : "Moreira",
      "whiteSpace" : false
    }, {
      "id" : "s0-t61",
      "begin" : 361,
      "end" : 364,
      "text" : "336",
      "whiteSpace" : false
    }, {
      "id" : "s0-t62",
      "begin" : 364,
      "end" : 365,
      "text" : ",",
      "whiteSpace" : false
    }, {
      "id" : "s0-t63",
      "begin" : 366,
      "end" : 372,
      "text" : "bairro",
      "whiteSpace" : false
    }, {
      "id" : "s0-t64",
      "begin" : 373,
      "end" : 382,
      "text" : "Marabaixo",
      "whiteSpace" : false
    }, {
      "id" : "s0-t65",
      "begin" : 382,
      "end" : 383,
      "text" : ",",
      "whiteSpace" : false
    }, {
      "id" : "s0-t66",
      "begin" : 384,
      "end" : 387,
      "text" : "CEP",
      "whiteSpace" : false
    }, {
      "id" : "s0-t67",
      "begin" : 388,
      "end" : 397,
      "text" : "77480-970",
      "whiteSpace" : false
    }, {
      "id" : "s0-t68",
      "begin" : 397,
      "end" : 398,
      "text" : ",",
      "whiteSpace" : false
    }, {
      "id" : "s0-t69",
      "begin" : 399,
      "end" : 405,
      "text" : "cidade",
      "whiteSpace" : false
    }, {
      "id" : "s0-t70",
      "begin" : 406,
      "end" : 417,
      "text" : "Carapicuiba",
      "whiteSpace" : false
    }, {
      "id" : "s0-t71",
      "begin" : 417,
      "end" : 418,
      "text" : ",",
      "whiteSpace" : false
    }, {
      "id" : "s0-t72",
      "begin" : 419,
      "end" : 421,
      "text" : "no",
      "whiteSpace" : false
    }, {
      "id" : "s0-t73",
      "begin" : 422,
      "end" : 428,
      "text" : "estado",
      "whiteSpace" : false
    }, {
      "id" : "s0-t74",
      "begin" : 429,
      "end" : 433,
      "text" : "Acre",
      "whiteSpace" : false
    }, {
      "id" : "s0-t75",
      "begin" : 433,
      "end" : 434,
      "text" : ";",
      "whiteSpace" : false
    } ]
  }, {
    "id" : "s1",
    "begin" : 438,
    "end" : 606,
    "text" : "Empregado Lumdguhe Zeissa, programador, casado, morador de São José dos Campos, com residência no bairro Pe Pequeno, rua Nossa Senhora da Conceição 50, no estado de MS.",
    "tokens" : [ {
      "id" : "s1-t0",
      "begin" : 438,
      "end" : 447,
      "text" : "Empregado",
      "whiteSpace" : false
    }, {
      "id" : "s1-t1",
      "begin" : 448,
      "end" : 456,
      "text" : "Lumdguhe",
      "whiteSpace" : false
    }, {
      "id" : "s1-t2",
      "begin" : 457,
      "end" : 463,
      "text" : "Zeissa",
      "whiteSpace" : false
    }, {
      "id" : "s1-t3",
      "begin" : 463,
      "end" : 464,
      "text" : ",",
      "whiteSpace" : false
    }, {
      "id" : "s1-t4",
      "begin" : 465,
      "end" : 476,
      "text" : "programador",
      "whiteSpace" : false
    }, {
      "id" : "s1-t5",
      "begin" : 476,
      "end" : 477,
      "text" : ",",
      "whiteSpace" : false
    }, {
      "id" : "s1-t6",
      "begin" : 478,
      "end" : 484,
      "text" : "casado",
      "whiteSpace" : false
    }, {
      "id" : "s1-t7",
      "begin" : 484,
      "end" : 485,
      "text" : ",",
      "whiteSpace" : false
    }, {
      "id" : "s1-t8",
      "begin" : 486,
      "end" : 493,
      "text" : "morador",
      "whiteSpace" : false
    }, {
      "id" : "s1-t9",
      "begin" : 494,
      "end" : 496,
      "text" : "de",
      "whiteSpace" : false
    }, {
      "id" : "s1-t10",
      "begin" : 497,
      "end" : 500,
      "text" : "São",
      "whiteSpace" : false
    }, {
      "id" : "s1-t11",
      "begin" : 501,
      "end" : 505,
      "text" : "José",
      "whiteSpace" : false
    }, {
      "id" : "s1-t12",
      "begin" : 506,
      "end" : 509,
      "text" : "dos",
      "whiteSpace" : false
    }, {
      "id" : "s1-t13",
      "begin" : 510,
      "end" : 516,
      "text" : "Campos",
      "whiteSpace" : false
    }, {
      "id" : "s1-t14",
      "begin" : 516,
      "end" : 517,
      "text" : ",",
      "whiteSpace" : false
    }, {
      "id" : "s1-t15",
      "begin" : 518,
      "end" : 521,
      "text" : "com",
      "whiteSpace" : false
    }, {
      "id" : "s1-t16",
      "begin" : 522,
      "end" : 532,
      "text" : "residência",
      "whiteSpace" : false
    }, {
      "id" : "s1-t17",
      "begin" : 533,
      "end" : 535,
      "text" : "no",
      "whiteSpace" : false
    }, {
      "id" : "s1-t18",
      "begin" : 536,
      "end" : 542,
      "text" : "bairro",
      "whiteSpace" : false
    }, {
      "id" : "s1-t19",
      "begin" : 543,
      "end" : 545,
      "text" : "Pe",
      "whiteSpace" : false
    }, {
      "id" : "s1-t20",
      "begin" : 546,
      "end" : 553,
      "text" : "Pequeno",
      "whiteSpace" : false
    }, {
      "id" : "s1-t21",
      "begin" : 553,
      "end" : 554,
      "text" : ",",
      "whiteSpace" : false
    }, {
      "id" : "s1-t22",
      "begin" : 555,
      "end" : 558,
      "text" : "rua",
      "whiteSpace" : false
    }, {
      "id" : "s1-t23",
      "begin" : 559,
      "end" : 564,
      "text" : "Nossa",
      "whiteSpace" : false
    }, {
      "id" : "s1-t24",
      "begin" : 565,
      "end" : 572,
      "text" : "Senhora",
      "whiteSpace" : false
    }, {
      "id" : "s1-t25",
      "begin" : 573,
      "end" : 575,
      "text" : "da",
      "whiteSpace" : false
    }, {
      "id" : "s1-t26",
      "begin" : 576,
      "end" : 585,
      "text" : "Conceição",
      "whiteSpace" : false
    }, {
      "id" : "s1-t27",
      "begin" : 586,
      "end" : 588,
      "text" : "50",
      "whiteSpace" : false
    }, {
      "id" : "s1-t28",
      "begin" : 588,
      "end" : 589,
      "text" : ",",
      "whiteSpace" : false
    }, {
      "id" : "s1-t29",
      "begin" : 590,
      "end" : 592,
      "text" : "no",
      "whiteSpace" : false
    }, {
      "id" : "s1-t30",
      "begin" : 593,
      "end" : 599,
      "text" : "estado",
      "whiteSpace" : false
    }, {
      "id" : "s1-t31",
      "begin" : 600,
      "end" : 602,
      "text" : "de",
      "whiteSpace" : false
    }, {
      "id" : "s1-t32",
      "begin" : 603,
      "end" : 605,
      "text" : "MS",
      "whiteSpace" : false
    }, {
      "id" : "s1-t33",
      "begin" : 605,
      "end" : 606,
      "text" : ".",
      "whiteSpace" : false
    } ]
  }, {
    "id" : "s2",
    "begin" : 607,
    "end" : 704,
    "text" : "Possui carteira de identidade número 43.763.224-6, cpf 67007843018, e CTPS 111234 série 00000-AC.",
    "tokens" : [ {
      "id" : "s2-t0",
      "begin" : 607,
      "end" : 613,
      "text" : "Possui",
      "whiteSpace" : false
    }, {
      "id" : "s2-t1",
      "begin" : 614,
      "end" : 622,
      "text" : "carteira",
      "whiteSpace" : false
    }, {
      "id" : "s2-t2",
      "begin" : 623,
      "end" : 625,
      "text" : "de",
      "whiteSpace" : false
    }, {
      "id" : "s2-t3",
      "begin" : 626,
      "end" : 636,
      "text" : "identidade",
      "whiteSpace" : false
    }, {
      "id" : "s2-t4",
      "begin" : 637,
      "end" : 643,
      "text" : "número",
      "whiteSpace" : false
    }, {
      "id" : "s2-t5",
      "begin" : 644,
      "end" : 656,
      "text" : "43.763.224-6",
      "whiteSpace" : false
    }, {
      "id" : "s2-t6",
      "begin" : 656,
      "end" : 657,
      "text" : ",",
      "whiteSpace" : false
    }, {
      "id" : "s2-t7",
      "begin" : 658,
      "end" : 661,
      "text" : "cpf",
      "whiteSpace" : false
    }, {
      "id" : "s2-t8",
      "begin" : 662,
      "end" : 673,
      "text" : "67007843018",
      "whiteSpace" : false
    }, {
      "id" : "s2-t9",
      "begin" : 673,
      "end" : 674,
      "text" : ",",
      "whiteSpace" : false
    }, {
      "id" : "s2-t10",
      "begin" : 675,
      "end" : 676,
      "text" : "e",
      "whiteSpace" : false
    }, {
      "id" : "s2-t11",
      "begin" : 677,
      "end" : 681,
      "text" : "CTPS",
      "whiteSpace" : false
    }, {
      "id" : "s2-t12",
      "begin" : 682,
      "end" : 688,
      "text" : "111234",
      "whiteSpace" : false
    }, {
      "id" : "s2-t13",
      "begin" : 689,
      "end" : 694,
      "text" : "série",
      "whiteSpace" : false
    }, {
      "id" : "s2-t14",
      "begin" : 695,
      "end" : 703,
      "text" : "00000-AC",
      "whiteSpace" : false
    }, {
      "id" : "s2-t15",
      "begin" : 703,
      "end" : 704,
      "text" : ".",
      "whiteSpace" : false
    } ]
  }, {
    "id" : "s3",
    "begin" : 708,
    "end" : 883,
    "text" : "As partes identificadas acima celebram entre si o presente contrato de trabalho por prazo indeterminado, regido pelas cláusulas seguintes e demais disposições legais vigentes:",
    "tokens" : [ {
      "id" : "s3-t0",
      "begin" : 708,
      "end" : 710,
      "text" : "As",
      "whiteSpace" : false
    }, {
      "id" : "s3-t1",
      "begin" : 711,
      "end" : 717,
      "text" : "partes",
      "whiteSpace" : false
    }, {
      "id" : "s3-t2",
      "begin" : 718,
      "end" : 731,
      "text" : "identificadas",
      "whiteSpace" : false
    }, {
      "id" : "s3-t3",
      "begin" : 732,
      "end" : 737,
      "text" : "acima",
      "whiteSpace" : false
    }, {
      "id" : "s3-t4",
      "begin" : 738,
      "end" : 746,
      "text" : "celebram",
      "whiteSpace" : false
    }, {
      "id" : "s3-t5",
      "begin" : 747,
      "end" : 752,
      "text" : "entre",
      "whiteSpace" : false
    }, {
      "id" : "s3-t6",
      "begin" : 753,
      "end" : 755,
      "text" : "si",
      "whiteSpace" : false
    }, {
      "id" : "s3-t7",
      "begin" : 756,
      "end" : 757,
      "text" : "o",
      "whiteSpace" : false
    }, {
      "id" : "s3-t8",
      "begin" : 758,
      "end" : 766,
      "text" : "presente",
      "whiteSpace" : false
    }, {
      "id" : "s3-t9",
      "begin" : 767,
      "end" : 775,
      "text" : "contrato",
      "whiteSpace" : false
    }, {
      "id" : "s3-t10",
      "begin" : 776,
      "end" : 778,
      "text" : "de",
      "whiteSpace" : false
    }, {
      "id" : "s3-t11",
      "begin" : 779,
      "end" : 787,
      "text" : "trabalho",
      "whiteSpace" : false
    }, {
      "id" : "s3-t12",
      "begin" : 788,
      "end" : 791,
      "text" : "por",
      "whiteSpace" : false
    }, {
      "id" : "s3-t13",
      "begin" : 792,
      "end" : 797,
      "text" : "prazo",
      "whiteSpace" : false
    }, {
      "id" : "s3-t14",
      "begin" : 798,
      "end" : 811,
      "text" : "indeterminado",
      "whiteSpace" : false
    }, {
      "id" : "s3-t15",
      "begin" : 811,
      "end" : 812,
      "text" : ",",
      "whiteSpace" : false
    }, {
      "id" : "s3-t16",
      "begin" : 813,
      "end" : 819,
      "text" : "regido",
      "whiteSpace" : false
    }, {
      "id" : "s3-t17",
      "begin" : 820,
      "end" : 825,
      "text" : "pelas",
      "whiteSpace" : false
    }, {
      "id" : "s3-t18",
      "begin" : 826,
      "end" : 835,
      "text" : "cláusulas",
      "whiteSpace" : false
    }, {
      "id" : "s3-t19",
      "begin" : 836,
      "end" : 845,
      "text" : "seguintes",
      "whiteSpace" : false
    }, {
      "id" : "s3-t20",
      "begin" : 846,
      "end" : 847,
      "text" : "e",
      "whiteSpace" : false
    }, {
      "id" : "s3-t21",
      "begin" : 848,
      "end" : 854,
      "text" : "demais",
      "whiteSpace" : false
    }, {
      "id" : "s3-t22",
      "begin" : 855,
      "end" : 866,
      "text" : "disposições",
      "whiteSpace" : false
    }, {
      "id" : "s3-t23",
      "begin" : 867,
      "end" : 873,
      "text" : "legais",
      "whiteSpace" : false
    }, {
      "id" : "s3-t24",
      "begin" : 874,
      "end" : 882,
      "text" : "vigentes",
      "whiteSpace" : false
    }, {
      "id" : "s3-t25",
      "begin" : 882,
      "end" : 883,
      "text" : ":",
      "whiteSpace" : false
    } ]
  }, {
    "id" : "s4",
    "begin" : 891,
    "end" : 913,
    "text" : "DAS DISPOSIÇÕES LEGAIS",
    "tokens" : [ {
      "id" : "s4-t0",
      "begin" : 891,
      "end" : 894,
      "text" : "DAS",
      "whiteSpace" : false
    }, {
      "id" : "s4-t1",
      "begin" : 895,
      "end" : 906,
      "text" : "DISPOSIÇÕES",
      "whiteSpace" : false
    }, {
      "id" : "s4-t2",
      "begin" : 907,
      "end" : 913,
      "text" : "LEGAIS",
      "whiteSpace" : false
    } ]
  }, {
    "id" : "s5",
    "begin" : 917,
    "end" : 1049,
    "text" : "Cláusula 1ª – O presente contrato de trabalho por prazo indeterminado tem como fundamento a Consolidação das Leis do Trabalho (CLT).",
    "tokens" : [ {
      "id" : "s5-t0",
      "begin" : 917,
      "end" : 925,
      "text" : "Cláusula",
      "whiteSpace" : false
    }, {
      "id" : "s5-t1",
      "begin" : 926,
      "end" : 928,
      "text" : "1ª",
      "whiteSpace" : false
    }, {
      "id" : "s5-t2",
      "begin" : 929,
      "end" : 930,
      "text" : "–",
      "whiteSpace" : false
    }, {
      "id" : "s5-t3",
      "begin" : 931,
      "end" : 932,
      "text" : "O",
      "whiteSpace" : false
    }, {
      "id" : "s5-t4",
      "begin" : 933,
      "end" : 941,
      "text" : "presente",
      "whiteSpace" : false
    }, {
      "id" : "s5-t5",
      "begin" : 942,
      "end" : 950,
      "text" : "contrato",
      "whiteSpace" : false
    }, {
      "id" : "s5-t6",
      "begin" : 951,
      "end" : 953,
      "text" : "de",
      "whiteSpace" : false
    }, {
      "id" : "s5-t7",
      "begin" : 954,
      "end" : 962,
      "text" : "trabalho",
      "whiteSpace" : false
    }, {
      "id" : "s5-t8",
      "begin" : 963,
      "end" : 966,
      "text" : "por",
      "whiteSpace" : false
    }, {
      "id" : "s5-t9",
      "begin" : 967,
      "end" : 972,
      "text" : "prazo",
      "whiteSpace" : false
    }, {
      "id" : "s5-t10",
      "begin" : 973,
      "end" : 986,
      "text" : "indeterminado",
      "whiteSpace" : false
    }, {
      "id" : "s5-t11",
      "begin" : 987,
      "end" : 990,
      "text" : "tem",
      "whiteSpace" : false
    }, {
      "id" : "s5-t12",
      "begin" : 991,
      "end" : 995,
      "text" : "como",
      "whiteSpace" : false
    }, {
      "id" : "s5-t13",
      "begin" : 996,
      "end" : 1006,
      "text" : "fundamento",
      "whiteSpace" : false
    }, {
      "id" : "s5-t14",
      "begin" : 1007,
      "end" : 1008,
      "text" : "a",
      "whiteSpace" : false
    }, {
      "id" : "s5-t15",
      "begin" : 1009,
      "end" : 1021,
      "text" : "Consolidação",
      "whiteSpace" : false
    }, {
      "id" : "s5-t16",
      "begin" : 1022,
      "end" : 1025,
      "text" : "das",
      "whiteSpace" : false
    }, {
      "id" : "s5-t17",
      "begin" : 1026,
      "end" : 1030,
      "text" : "Leis",
      "whiteSpace" : false
    }, {
      "id" : "s5-t18",
      "begin" : 1031,
      "end" : 1033,
      "text" : "do",
      "whiteSpace" : false
    }, {
      "id" : "s5-t19",
      "begin" : 1034,
      "end" : 1042,
      "text" : "Trabalho",
      "whiteSpace" : false
    }, {
      "id" : "s5-t20",
      "begin" : 1043,
      "end" : 1044,
      "text" : "(",
      "whiteSpace" : false
    }, {
      "id" : "s5-t21",
      "begin" : 1044,
      "end" : 1047,
      "text" : "CLT",
      "whiteSpace" : false
    }, {
      "id" : "s5-t22",
      "begin" : 1047,
      "end" : 1048,
      "text" : ")",
      "whiteSpace" : false
    }, {
      "id" : "s5-t23",
      "begin" : 1048,
      "end" : 1049,
      "text" : ".",
      "whiteSpace" : false
    } ]
  }, {
    "id" : "s6",
    "begin" : 1053,
    "end" : 1089,
    "text" : "DO LOCAL E DAS CONDIÇÕES DE TRABALHO",
    "tokens" : [ {
      "id" : "s6-t0",
      "begin" : 1053,
      "end" : 1055,
      "text" : "DO",
      "whiteSpace" : false
    }, {
      "id" : "s6-t1",
      "begin" : 1056,
      "end" : 1061,
      "text" : "LOCAL",
      "whiteSpace" : false
    }, {
      "id" : "s6-t2",
      "begin" : 1062,
      "end" : 1063,
      "text" : "E",
      "whiteSpace" : false
    }, {
      "id" : "s6-t3",
      "begin" : 1064,
      "end" : 1067,
      "text" : "DAS",
      "whiteSpace" : false
    }, {
      "id" : "s6-t4",
      "begin" : 1068,
      "end" : 1077,
      "text" : "CONDIÇÕES",
      "whiteSpace" : false
    }, {
      "id" : "s6-t5",
      "begin" : 1078,
      "end" : 1080,
      "text" : "DE",
      "whiteSpace" : false
    }, {
      "id" : "s6-t6",
      "begin" : 1081,
      "end" : 1089,
      "text" : "TRABALHO",
      "whiteSpace" : false
    } ]
  }, {
    "id" : "s7",
    "begin" : 1093,
    "end" : 1391,
    "text" : "Cláusula 2º - O local de trabalho será na filial da empresa localizada em Rio de Janeiro, podendo o empregador, a qualquer momento, transferir o empregado em caráter definitivo ou temporário, para outra unidade/filial/estabelecimento, em qualquer localidade deste Estado ou de outro dentro do país.",
    "tokens" : [ {
      "id" : "s7-t0",
      "begin" : 1093,
      "end" : 1101,
      "text" : "Cláusula",
      "whiteSpace" : false
    }, {
      "id" : "s7-t1",
      "begin" : 1102,
      "end" : 1104,
      "text" : "2º",
      "whiteSpace" : false
    }, {
      "id" : "s7-t2",
      "begin" : 1105,
      "end" : 1106,
      "text" : "-",
      "whiteSpace" : false
    }, {
      "id" : "s7-t3",
      "begin" : 1107,
      "end" : 1108,
      "text" : "O",
      "whiteSpace" : false
    }, {
      "id" : "s7-t4",
      "begin" : 1109,
      "end" : 1114,
      "text" : "local",
      "whiteSpace" : false
    }, {
      "id" : "s7-t5",
      "begin" : 1115,
      "end" : 1117,
      "text" : "de",
      "whiteSpace" : false
    }, {
      "id" : "s7-t6",
      "begin" : 1118,
      "end" : 1126,
      "text" : "trabalho",
      "whiteSpace" : false
    }, {
      "id" : "s7-t7",
      "begin" : 1127,
      "end" : 1131,
      "text" : "será",
      "whiteSpace" : false
    }, {
      "id" : "s7-t8",
      "begin" : 1132,
      "end" : 1134,
      "text" : "na",
      "whiteSpace" : false
    }, {
      "id" : "s7-t9",
      "begin" : 1135,
      "end" : 1141,
      "text" : "filial",
      "whiteSpace" : false
    }, {
      "id" : "s7-t10",
      "begin" : 1142,
      "end" : 1144,
      "text" : "da",
      "whiteSpace" : false
    }, {
      "id" : "s7-t11",
      "begin" : 1145,
      "end" : 1152,
      "text" : "empresa",
      "whiteSpace" : false
    }, {
      "id" : "s7-t12",
      "begin" : 1153,
      "end" : 1163,
      "text" : "localizada",
      "whiteSpace" : false
    }, {
      "id" : "s7-t13",
      "begin" : 1164,
      "end" : 1166,
      "text" : "em",
      "whiteSpace" : false
    }, {
      "id" : "s7-t14",
      "begin" : 1167,
      "end" : 1170,
      "text" : "Rio",
      "whiteSpace" : false
    }, {
      "id" : "s7-t15",
      "begin" : 1171,
      "end" : 1173,
      "text" : "de",
      "whiteSpace" : false
    }, {
      "id" : "s7-t16",
      "begin" : 1174,
      "end" : 1181,
      "text" : "Janeiro",
      "whiteSpace" : false
    }, {
      "id" : "s7-t17",
      "begin" : 1181,
      "end" : 1182,
      "text" : ",",
      "whiteSpace" : false
    }, {
      "id" : "s7-t18",
      "begin" : 1183,
      "end" : 1190,
      "text" : "podendo",
      "whiteSpace" : false
    }, {
      "id" : "s7-t19",
      "begin" : 1191,
      "end" : 1192,
      "text" : "o",
      "whiteSpace" : false
    }, {
      "id" : "s7-t20",
      "begin" : 1193,
      "end" : 1203,
      "text" : "empregador",
      "whiteSpace" : false
    }, {
      "id" : "s7-t21",
      "begin" : 1203,
      "end" : 1204,
      "text" : ",",
      "whiteSpace" : false
    }, {
      "id" : "s7-t22",
      "begin" : 1205,
      "end" : 1206,
      "text" : "a",
      "whiteSpace" : false
    }, {
      "id" : "s7-t23",
      "begin" : 1207,
      "end" : 1215,
      "text" : "qualquer",
      "whiteSpace" : false
    }, {
      "id" : "s7-t24",
      "begin" : 1216,
      "end" : 1223,
      "text" : "momento",
      "whiteSpace" : false
    }, {
      "id" : "s7-t25",
      "begin" : 1223,
      "end" : 1224,
      "text" : ",",
      "whiteSpace" : false
    }, {
      "id" : "s7-t26",
      "begin" : 1225,
      "end" : 1235,
      "text" : "transferir",
      "whiteSpace" : false
    }, {
      "id" : "s7-t27",
      "begin" : 1236,
      "end" : 1237,
      "text" : "o",
      "whiteSpace" : false
    }, {
      "id" : "s7-t28",
      "begin" : 1238,
      "end" : 1247,
      "text" : "empregado",
      "whiteSpace" : false
    }, {
      "id" : "s7-t29",
      "begin" : 1248,
      "end" : 1250,
      "text" : "em",
      "whiteSpace" : false
    }, {
      "id" : "s7-t30",
      "begin" : 1251,
      "end" : 1258,
      "text" : "caráter",
      "whiteSpace" : false
    }, {
      "id" : "s7-t31",
      "begin" : 1259,
      "end" : 1269,
      "text" : "definitivo",
      "whiteSpace" : false
    }, {
      "id" : "s7-t32",
      "begin" : 1270,
      "end" : 1272,
      "text" : "ou",
      "whiteSpace" : false
    }, {
      "id" : "s7-t33",
      "begin" : 1273,
      "end" : 1283,
      "text" : "temporário",
      "whiteSpace" : false
    }, {
      "id" : "s7-t34",
      "begin" : 1283,
      "end" : 1284,
      "text" : ",",
      "whiteSpace" : false
    }, {
      "id" : "s7-t35",
      "begin" : 1285,
      "end" : 1289,
      "text" : "para",
      "whiteSpace" : false
    }, {
      "id" : "s7-t36",
      "begin" : 1290,
      "end" : 1295,
      "text" : "outra",
      "whiteSpace" : false
    }, {
      "id" : "s7-t37",
      "begin" : 1296,
      "end" : 1303,
      "text" : "unidade",
      "whiteSpace" : false
    }, {
      "id" : "s7-t38",
      "begin" : 1303,
      "end" : 1304,
      "text" : "/",
      "whiteSpace" : false
    }, {
      "id" : "s7-t39",
      "begin" : 1304,
      "end" : 1326,
      "text" : "filial/estabelecimento",
      "whiteSpace" : false
    }, {
      "id" : "s7-t40",
      "begin" : 1326,
      "end" : 1327,
      "text" : ",",
      "whiteSpace" : false
    }, {
      "id" : "s7-t41",
      "begin" : 1328,
      "end" : 1330,
      "text" : "em",
      "whiteSpace" : false
    }, {
      "id" : "s7-t42",
      "begin" : 1331,
      "end" : 1339,
      "text" : "qualquer",
      "whiteSpace" : false
    }, {
      "id" : "s7-t43",
      "begin" : 1340,
      "end" : 1350,
      "text" : "localidade",
      "whiteSpace" : false
    }, {
      "id" : "s7-t44",
      "begin" : 1351,
      "end" : 1356,
      "text" : "deste",
      "whiteSpace" : false
    }, {
      "id" : "s7-t45",
      "begin" : 1357,
      "end" : 1363,
      "text" : "Estado",
      "whiteSpace" : false
    }, {
      "id" : "s7-t46",
      "begin" : 1364,
      "end" : 1366,
      "text" : "ou",
      "whiteSpace" : false
    }, {
      "id" : "s7-t47",
      "begin" : 1367,
      "end" : 1369,
      "text" : "de",
      "whiteSpace" : false
    }, {
      "id" : "s7-t48",
      "begin" : 1370,
      "end" : 1375,
      "text" : "outro",
      "whiteSpace" : false
    }, {
      "id" : "s7-t49",
      "begin" : 1376,
      "end" : 1382,
      "text" : "dentro",
      "whiteSpace" : false
    }, {
      "id" : "s7-t50",
      "begin" : 1383,
      "end" : 1385,
      "text" : "do",
      "whiteSpace" : false
    }, {
      "id" : "s7-t51",
      "begin" : 1386,
      "end" : 1390,
      "text" : "país",
      "whiteSpace" : false
    }, {
      "id" : "s7-t52",
      "begin" : 1390,
      "end" : 1391,
      "text" : ".",
      "whiteSpace" : false
    } ]
  }, {
    "id" : "s8",
    "begin" : 1395,
    "end" : 1417,
    "text" : "DA JORNADA DE TRABALHO",
    "tokens" : [ {
      "id" : "s8-t0",
      "begin" : 1395,
      "end" : 1397,
      "text" : "DA",
      "whiteSpace" : false
    }, {
      "id" : "s8-t1",
      "begin" : 1398,
      "end" : 1405,
      "text" : "JORNADA",
      "whiteSpace" : false
    }, {
      "id" : "s8-t2",
      "begin" : 1406,
      "end" : 1408,
      "text" : "DE",
      "whiteSpace" : false
    }, {
      "id" : "s8-t3",
      "begin" : 1409,
      "end" : 1417,
      "text" : "TRABALHO",
      "whiteSpace" : false
    } ]
  }, {
    "id" : "s9",
    "begin" : 1425,
    "end" : 1436,
    "text" : "DO OBJETIVO",
    "tokens" : [ {
      "id" : "s9-t0",
      "begin" : 1425,
      "end" : 1427,
      "text" : "DO",
      "whiteSpace" : false
    }, {
      "id" : "s9-t1",
      "begin" : 1428,
      "end" : 1436,
      "text" : "OBJETIVO",
      "whiteSpace" : false
    } ]
  }, {
    "id" : "s10",
    "begin" : 1440,
    "end" : 1819,
    "text" : "Cláusula 3ª - O empregador admite aos seus serviços, na modalidade de contrato de trabalho por tempo indeterminado o empregado, na função de eletricista.Cláusula 4ª – O trabalho executado pelo empregado consistirá na jornada diária de 11 horas de 12:00 a 20:00, na Segunda a sexta, com intervalo para repouso/refeição, das 14:00 a 15:00, perfazendo um total de 55 horas semanais.",
    "tokens" : [ {
      "id" : "s10-t0",
      "begin" : 1440,
      "end" : 1448,
      "text" : "Cláusula",
      "whiteSpace" : false
    }, {
      "id" : "s10-t1",
      "begin" : 1449,
      "end" : 1451,
      "text" : "3ª",
      "whiteSpace" : false
    }, {
      "id" : "s10-t2",
      "begin" : 1452,
      "end" : 1453,
      "text" : "-",
      "whiteSpace" : false
    }, {
      "id" : "s10-t3",
      "begin" : 1454,
      "end" : 1455,
      "text" : "O",
      "whiteSpace" : false
    }, {
      "id" : "s10-t4",
      "begin" : 1456,
      "end" : 1466,
      "text" : "empregador",
      "whiteSpace" : false
    }, {
      "id" : "s10-t5",
      "begin" : 1467,
      "end" : 1473,
      "text" : "admite",
      "whiteSpace" : false
    }, {
      "id" : "s10-t6",
      "begin" : 1474,
      "end" : 1477,
      "text" : "aos",
      "whiteSpace" : false
    }, {
      "id" : "s10-t7",
      "begin" : 1478,
      "end" : 1482,
      "text" : "seus",
      "whiteSpace" : false
    }, {
      "id" : "s10-t8",
      "begin" : 1483,
      "end" : 1491,
      "text" : "serviços",
      "whiteSpace" : false
    }, {
      "id" : "s10-t9",
      "begin" : 1491,
      "end" : 1492,
      "text" : ",",
      "whiteSpace" : false
    }, {
      "id" : "s10-t10",
      "begin" : 1493,
      "end" : 1495,
      "text" : "na",
      "whiteSpace" : false
    }, {
      "id" : "s10-t11",
      "begin" : 1496,
      "end" : 1506,
      "text" : "modalidade",
      "whiteSpace" : false
    }, {
      "id" : "s10-t12",
      "begin" : 1507,
      "end" : 1509,
      "text" : "de",
      "whiteSpace" : false
    }, {
      "id" : "s10-t13",
      "begin" : 1510,
      "end" : 1518,
      "text" : "contrato",
      "whiteSpace" : false
    }, {
      "id" : "s10-t14",
      "begin" : 1519,
      "end" : 1521,
      "text" : "de",
      "whiteSpace" : false
    }, {
      "id" : "s10-t15",
      "begin" : 1522,
      "end" : 1530,
      "text" : "trabalho",
      "whiteSpace" : false
    }, {
      "id" : "s10-t16",
      "begin" : 1531,
      "end" : 1534,
      "text" : "por",
      "whiteSpace" : false
    }, {
      "id" : "s10-t17",
      "begin" : 1535,
      "end" : 1540,
      "text" : "tempo",
      "whiteSpace" : false
    }, {
      "id" : "s10-t18",
      "begin" : 1541,
      "end" : 1554,
      "text" : "indeterminado",
      "whiteSpace" : false
    }, {
      "id" : "s10-t19",
      "begin" : 1555,
      "end" : 1556,
      "text" : "o",
      "whiteSpace" : false
    }, {
      "id" : "s10-t20",
      "begin" : 1557,
      "end" : 1566,
      "text" : "empregado",
      "whiteSpace" : false
    }, {
      "id" : "s10-t21",
      "begin" : 1566,
      "end" : 1567,
      "text" : ",",
      "whiteSpace" : false
    }, {
      "id" : "s10-t22",
      "begin" : 1568,
      "end" : 1570,
      "text" : "na",
      "whiteSpace" : false
    }, {
      "id" : "s10-t23",
      "begin" : 1571,
      "end" : 1577,
      "text" : "função",
      "whiteSpace" : false
    }, {
      "id" : "s10-t24",
      "begin" : 1578,
      "end" : 1580,
      "text" : "de",
      "whiteSpace" : false
    }, {
      "id" : "s10-t25",
      "begin" : 1581,
      "end" : 1601,
      "text" : "eletricista.Cláusula",
      "whiteSpace" : false
    }, {
      "id" : "s10-t26",
      "begin" : 1602,
      "end" : 1604,
      "text" : "4ª",
      "whiteSpace" : false
    }, {
      "id" : "s10-t27",
      "begin" : 1605,
      "end" : 1606,
      "text" : "–",
      "whiteSpace" : false
    }, {
      "id" : "s10-t28",
      "begin" : 1607,
      "end" : 1608,
      "text" : "O",
      "whiteSpace" : false
    }, {
      "id" : "s10-t29",
      "begin" : 1609,
      "end" : 1617,
      "text" : "trabalho",
      "whiteSpace" : false
    }, {
      "id" : "s10-t30",
      "begin" : 1618,
      "end" : 1627,
      "text" : "executado",
      "whiteSpace" : false
    }, {
      "id" : "s10-t31",
      "begin" : 1628,
      "end" : 1632,
      "text" : "pelo",
      "whiteSpace" : false
    }, {
      "id" : "s10-t32",
      "begin" : 1633,
      "end" : 1642,
      "text" : "empregado",
      "whiteSpace" : false
    }, {
      "id" : "s10-t33",
      "begin" : 1643,
      "end" : 1653,
      "text" : "consistirá",
      "whiteSpace" : false
    }, {
      "id" : "s10-t34",
      "begin" : 1654,
      "end" : 1656,
      "text" : "na",
      "whiteSpace" : false
    }, {
      "id" : "s10-t35",
      "begin" : 1657,
      "end" : 1664,
      "text" : "jornada",
      "whiteSpace" : false
    }, {
      "id" : "s10-t36",
      "begin" : 1665,
      "end" : 1671,
      "text" : "diária",
      "whiteSpace" : false
    }, {
      "id" : "s10-t37",
      "begin" : 1672,
      "end" : 1674,
      "text" : "de",
      "whiteSpace" : false
    }, {
      "id" : "s10-t38",
      "begin" : 1675,
      "end" : 1677,
      "text" : "11",
      "whiteSpace" : false
    }, {
      "id" : "s10-t39",
      "begin" : 1678,
      "end" : 1683,
      "text" : "horas",
      "whiteSpace" : false
    }, {
      "id" : "s10-t40",
      "begin" : 1684,
      "end" : 1686,
      "text" : "de",
      "whiteSpace" : false
    }, {
      "id" : "s10-t41",
      "begin" : 1687,
      "end" : 1692,
      "text" : "12:00",
      "whiteSpace" : false
    }, {
      "id" : "s10-t42",
      "begin" : 1693,
      "end" : 1694,
      "text" : "a",
      "whiteSpace" : false
    }, {
      "id" : "s10-t43",
      "begin" : 1695,
      "end" : 1700,
      "text" : "20:00",
      "whiteSpace" : false
    }, {
      "id" : "s10-t44",
      "begin" : 1700,
      "end" : 1701,
      "text" : ",",
      "whiteSpace" : false
    }, {
      "id" : "s10-t45",
      "begin" : 1702,
      "end" : 1704,
      "text" : "na",
      "whiteSpace" : false
    }, {
      "id" : "s10-t46",
      "begin" : 1705,
      "end" : 1712,
      "text" : "Segunda",
      "whiteSpace" : false
    }, {
      "id" : "s10-t47",
      "begin" : 1713,
      "end" : 1714,
      "text" : "a",
      "whiteSpace" : false
    }, {
      "id" : "s10-t48",
      "begin" : 1715,
      "end" : 1720,
      "text" : "sexta",
      "whiteSpace" : false
    }, {
      "id" : "s10-t49",
      "begin" : 1720,
      "end" : 1721,
      "text" : ",",
      "whiteSpace" : false
    }, {
      "id" : "s10-t50",
      "begin" : 1722,
      "end" : 1725,
      "text" : "com",
      "whiteSpace" : false
    }, {
      "id" : "s10-t51",
      "begin" : 1726,
      "end" : 1735,
      "text" : "intervalo",
      "whiteSpace" : false
    }, {
      "id" : "s10-t52",
      "begin" : 1736,
      "end" : 1740,
      "text" : "para",
      "whiteSpace" : false
    }, {
      "id" : "s10-t53",
      "begin" : 1741,
      "end" : 1748,
      "text" : "repouso",
      "whiteSpace" : false
    }, {
      "id" : "s10-t54",
      "begin" : 1748,
      "end" : 1749,
      "text" : "/",
      "whiteSpace" : false
    }, {
      "id" : "s10-t55",
      "begin" : 1749,
      "end" : 1757,
      "text" : "refeição",
      "whiteSpace" : false
    }, {
      "id" : "s10-t56",
      "begin" : 1757,
      "end" : 1758,
      "text" : ",",
      "whiteSpace" : false
    }, {
      "id" : "s10-t57",
      "begin" : 1759,
      "end" : 1762,
      "text" : "das",
      "whiteSpace" : false
    }, {
      "id" : "s10-t58",
      "begin" : 1763,
      "end" : 1768,
      "text" : "14:00",
      "whiteSpace" : false
    }, {
      "id" : "s10-t59",
      "begin" : 1769,
      "end" : 1770,
      "text" : "a",
      "whiteSpace" : false
    }, {
      "id" : "s10-t60",
      "begin" : 1771,
      "end" : 1776,
      "text" : "15:00",
      "whiteSpace" : false
    }, {
      "id" : "s10-t61",
      "begin" : 1776,
      "end" : 1777,
      "text" : ",",
      "whiteSpace" : false
    }, {
      "id" : "s10-t62",
      "begin" : 1778,
      "end" : 1788,
      "text" : "perfazendo",
      "whiteSpace" : false
    }, {
      "id" : "s10-t63",
      "begin" : 1789,
      "end" : 1791,
      "text" : "um",
      "whiteSpace" : false
    }, {
      "id" : "s10-t64",
      "begin" : 1792,
      "end" : 1797,
      "text" : "total",
      "whiteSpace" : false
    }, {
      "id" : "s10-t65",
      "begin" : 1798,
      "end" : 1800,
      "text" : "de",
      "whiteSpace" : false
    }, {
      "id" : "s10-t66",
      "begin" : 1801,
      "end" : 1803,
      "text" : "55",
      "whiteSpace" : false
    }, {
      "id" : "s10-t67",
      "begin" : 1804,
      "end" : 1809,
      "text" : "horas",
      "whiteSpace" : false
    }, {
      "id" : "s10-t68",
      "begin" : 1810,
      "end" : 1818,
      "text" : "semanais",
      "whiteSpace" : false
    }, {
      "id" : "s10-t69",
      "begin" : 1818,
      "end" : 1819,
      "text" : ".",
      "whiteSpace" : false
    } ]
  }, {
    "id" : "s11",
    "begin" : 1823,
    "end" : 1858,
    "text" : "DA VIGÊNCIA DO CONTRATO DE TRABALHO",
    "tokens" : [ {
      "id" : "s11-t0",
      "begin" : 1823,
      "end" : 1825,
      "text" : "DA",
      "whiteSpace" : false
    }, {
      "id" : "s11-t1",
      "begin" : 1826,
      "end" : 1834,
      "text" : "VIGÊNCIA",
      "whiteSpace" : false
    }, {
      "id" : "s11-t2",
      "begin" : 1835,
      "end" : 1837,
      "text" : "DO",
      "whiteSpace" : false
    }, {
      "id" : "s11-t3",
      "begin" : 1838,
      "end" : 1846,
      "text" : "CONTRATO",
      "whiteSpace" : false
    }, {
      "id" : "s11-t4",
      "begin" : 1847,
      "end" : 1849,
      "text" : "DE",
      "whiteSpace" : false
    }, {
      "id" : "s11-t5",
      "begin" : 1850,
      "end" : 1858,
      "text" : "TRABALHO",
      "whiteSpace" : false
    } ]
  }, {
    "id" : "s12",
    "begin" : 1862,
    "end" : 2102,
    "text" : "Cláusula 5º - O presente contrato terá duração por prazo indeterminado, sendo assegurado às partes o direito de rescisão a qualquer momento, obrigando-se a parte que desejar rescindi-lo, comunicar a outra com aviso-prévio mínimo de 44 dias.",
    "tokens" : [ {
      "id" : "s12-t0",
      "begin" : 1862,
      "end" : 1870,
      "text" : "Cláusula",
      "whiteSpace" : false
    }, {
      "id" : "s12-t1",
      "begin" : 1871,
      "end" : 1873,
      "text" : "5º",
      "whiteSpace" : false
    }, {
      "id" : "s12-t2",
      "begin" : 1874,
      "end" : 1875,
      "text" : "-",
      "whiteSpace" : false
    }, {
      "id" : "s12-t3",
      "begin" : 1876,
      "end" : 1877,
      "text" : "O",
      "whiteSpace" : false
    }, {
      "id" : "s12-t4",
      "begin" : 1878,
      "end" : 1886,
      "text" : "presente",
      "whiteSpace" : false
    }, {
      "id" : "s12-t5",
      "begin" : 1887,
      "end" : 1895,
      "text" : "contrato",
      "whiteSpace" : false
    }, {
      "id" : "s12-t6",
      "begin" : 1896,
      "end" : 1900,
      "text" : "terá",
      "whiteSpace" : false
    }, {
      "id" : "s12-t7",
      "begin" : 1901,
      "end" : 1908,
      "text" : "duração",
      "whiteSpace" : false
    }, {
      "id" : "s12-t8",
      "begin" : 1909,
      "end" : 1912,
      "text" : "por",
      "whiteSpace" : false
    }, {
      "id" : "s12-t9",
      "begin" : 1913,
      "end" : 1918,
      "text" : "prazo",
      "whiteSpace" : false
    }, {
      "id" : "s12-t10",
      "begin" : 1919,
      "end" : 1932,
      "text" : "indeterminado",
      "whiteSpace" : false
    }, {
      "id" : "s12-t11",
      "begin" : 1932,
      "end" : 1933,
      "text" : ",",
      "whiteSpace" : false
    }, {
      "id" : "s12-t12",
      "begin" : 1934,
      "end" : 1939,
      "text" : "sendo",
      "whiteSpace" : false
    }, {
      "id" : "s12-t13",
      "begin" : 1940,
      "end" : 1950,
      "text" : "assegurado",
      "whiteSpace" : false
    }, {
      "id" : "s12-t14",
      "begin" : 1951,
      "end" : 1953,
      "text" : "às",
      "whiteSpace" : false
    }, {
      "id" : "s12-t15",
      "begin" : 1954,
      "end" : 1960,
      "text" : "partes",
      "whiteSpace" : false
    }, {
      "id" : "s12-t16",
      "begin" : 1961,
      "end" : 1962,
      "text" : "o",
      "whiteSpace" : false
    }, {
      "id" : "s12-t17",
      "begin" : 1963,
      "end" : 1970,
      "text" : "direito",
      "whiteSpace" : false
    }, {
      "id" : "s12-t18",
      "begin" : 1971,
      "end" : 1973,
      "text" : "de",
      "whiteSpace" : false
    }, {
      "id" : "s12-t19",
      "begin" : 1974,
      "end" : 1982,
      "text" : "rescisão",
      "whiteSpace" : false
    }, {
      "id" : "s12-t20",
      "begin" : 1983,
      "end" : 1984,
      "text" : "a",
      "whiteSpace" : false
    }, {
      "id" : "s12-t21",
      "begin" : 1985,
      "end" : 1993,
      "text" : "qualquer",
      "whiteSpace" : false
    }, {
      "id" : "s12-t22",
      "begin" : 1994,
      "end" : 2001,
      "text" : "momento",
      "whiteSpace" : false
    }, {
      "id" : "s12-t23",
      "begin" : 2001,
      "end" : 2002,
      "text" : ",",
      "whiteSpace" : false
    }, {
      "id" : "s12-t24",
      "begin" : 2003,
      "end" : 2015,
      "text" : "obrigando-se",
      "whiteSpace" : false
    }, {
      "id" : "s12-t25",
      "begin" : 2016,
      "end" : 2017,
      "text" : "a",
      "whiteSpace" : false
    }, {
      "id" : "s12-t26",
      "begin" : 2018,
      "end" : 2023,
      "text" : "parte",
      "whiteSpace" : false
    }, {
      "id" : "s12-t27",
      "begin" : 2024,
      "end" : 2027,
      "text" : "que",
      "whiteSpace" : false
    }, {
      "id" : "s12-t28",
      "begin" : 2028,
      "end" : 2035,
      "text" : "desejar",
      "whiteSpace" : false
    }, {
      "id" : "s12-t29",
      "begin" : 2036,
      "end" : 2047,
      "text" : "rescindi-lo",
      "whiteSpace" : false
    }, {
      "id" : "s12-t30",
      "begin" : 2047,
      "end" : 2048,
      "text" : ",",
      "whiteSpace" : false
    }, {
      "id" : "s12-t31",
      "begin" : 2049,
      "end" : 2058,
      "text" : "comunicar",
      "whiteSpace" : false
    }, {
      "id" : "s12-t32",
      "begin" : 2059,
      "end" : 2060,
      "text" : "a",
      "whiteSpace" : false
    }, {
      "id" : "s12-t33",
      "begin" : 2061,
      "end" : 2066,
      "text" : "outra",
      "whiteSpace" : false
    }, {
      "id" : "s12-t34",
      "begin" : 2067,
      "end" : 2070,
      "text" : "com",
      "whiteSpace" : false
    }, {
      "id" : "s12-t35",
      "begin" : 2071,
      "end" : 2083,
      "text" : "aviso-prévio",
      "whiteSpace" : false
    }, {
      "id" : "s12-t36",
      "begin" : 2084,
      "end" : 2090,
      "text" : "mínimo",
      "whiteSpace" : false
    }, {
      "id" : "s12-t37",
      "begin" : 2091,
      "end" : 2093,
      "text" : "de",
      "whiteSpace" : false
    }, {
      "id" : "s12-t38",
      "begin" : 2094,
      "end" : 2096,
      "text" : "44",
      "whiteSpace" : false
    }, {
      "id" : "s12-t39",
      "begin" : 2097,
      "end" : 2101,
      "text" : "dias",
      "whiteSpace" : false
    }, {
      "id" : "s12-t40",
      "begin" : 2101,
      "end" : 2102,
      "text" : ".",
      "whiteSpace" : false
    } ]
  }, {
    "id" : "s13",
    "begin" : 2106,
    "end" : 2120,
    "text" : "DA REMUNERAÇÃO",
    "tokens" : [ {
      "id" : "s13-t0",
      "begin" : 2106,
      "end" : 2108,
      "text" : "DA",
      "whiteSpace" : false
    }, {
      "id" : "s13-t1",
      "begin" : 2109,
      "end" : 2120,
      "text" : "REMUNERAÇÃO",
      "whiteSpace" : false
    } ]
  }, {
    "id" : "s14",
    "begin" : 2124,
    "end" : 2258,
    "text" : "Cláusula 6ª - O empregado receberá a quantia horária de nove mil e cinquenta reais, efetuados os devidos descontos permitidos por lei.",
    "tokens" : [ {
      "id" : "s14-t0",
      "begin" : 2124,
      "end" : 2132,
      "text" : "Cláusula",
      "whiteSpace" : false
    }, {
      "id" : "s14-t1",
      "begin" : 2133,
      "end" : 2135,
      "text" : "6ª",
      "whiteSpace" : false
    }, {
      "id" : "s14-t2",
      "begin" : 2136,
      "end" : 2137,
      "text" : "-",
      "whiteSpace" : false
    }, {
      "id" : "s14-t3",
      "begin" : 2138,
      "end" : 2139,
      "text" : "O",
      "whiteSpace" : false
    }, {
      "id" : "s14-t4",
      "begin" : 2140,
      "end" : 2149,
      "text" : "empregado",
      "whiteSpace" : false
    }, {
      "id" : "s14-t5",
      "begin" : 2150,
      "end" : 2158,
      "text" : "receberá",
      "whiteSpace" : false
    }, {
      "id" : "s14-t6",
      "begin" : 2159,
      "end" : 2160,
      "text" : "a",
      "whiteSpace" : false
    }, {
      "id" : "s14-t7",
      "begin" : 2161,
      "end" : 2168,
      "text" : "quantia",
      "whiteSpace" : false
    }, {
      "id" : "s14-t8",
      "begin" : 2169,
      "end" : 2176,
      "text" : "horária",
      "whiteSpace" : false
    }, {
      "id" : "s14-t9",
      "begin" : 2177,
      "end" : 2179,
      "text" : "de",
      "whiteSpace" : false
    }, {
      "id" : "s14-t10",
      "begin" : 2180,
      "end" : 2184,
      "text" : "nove",
      "whiteSpace" : false
    }, {
      "id" : "s14-t11",
      "begin" : 2185,
      "end" : 2188,
      "text" : "mil",
      "whiteSpace" : false
    }, {
      "id" : "s14-t12",
      "begin" : 2189,
      "end" : 2190,
      "text" : "e",
      "whiteSpace" : false
    }, {
      "id" : "s14-t13",
      "begin" : 2191,
      "end" : 2200,
      "text" : "cinquenta",
      "whiteSpace" : false
    }, {
      "id" : "s14-t14",
      "begin" : 2201,
      "end" : 2206,
      "text" : "reais",
      "whiteSpace" : false
    }, {
      "id" : "s14-t15",
      "begin" : 2206,
      "end" : 2207,
      "text" : ",",
      "whiteSpace" : false
    }, {
      "id" : "s14-t16",
      "begin" : 2208,
      "end" : 2217,
      "text" : "efetuados",
      "whiteSpace" : false
    }, {
      "id" : "s14-t17",
      "begin" : 2218,
      "end" : 2220,
      "text" : "os",
      "whiteSpace" : false
    }, {
      "id" : "s14-t18",
      "begin" : 2221,
      "end" : 2228,
      "text" : "devidos",
      "whiteSpace" : false
    }, {
      "id" : "s14-t19",
      "begin" : 2229,
      "end" : 2238,
      "text" : "descontos",
      "whiteSpace" : false
    }, {
      "id" : "s14-t20",
      "begin" : 2239,
      "end" : 2249,
      "text" : "permitidos",
      "whiteSpace" : false
    }, {
      "id" : "s14-t21",
      "begin" : 2250,
      "end" : 2253,
      "text" : "por",
      "whiteSpace" : false
    }, {
      "id" : "s14-t22",
      "begin" : 2254,
      "end" : 2257,
      "text" : "lei",
      "whiteSpace" : false
    }, {
      "id" : "s14-t23",
      "begin" : 2257,
      "end" : 2258,
      "text" : ".",
      "whiteSpace" : false
    } ]
  } ],
  "mentions" : [ {
    "id" : "s0-m1",
    "properties" : {
      "SIRE_MENTION_ROLE" : "EMPRESA",
      "SIRE_ENTITY_SUBTYPE" : "NONE",
      "SIRE_MENTION_TYPE" : "NONE",
      "SIRE_MENTION_CLASS" : "SPC"
    },
    "type" : "EMPRESA",
    "begin" : 12,
    "end" : 50,
    "inCoref" : true
  }, {
    "id" : "s0-m2",
    "properties" : {
      "SIRE_MENTION_ROLE" : "ESTADO",
      "SIRE_ENTITY_SUBTYPE" : "NONE",
      "SIRE_MENTION_TYPE" : "NONE",
      "SIRE_MENTION_CLASS" : "SPC"
    },
    "type" : "ESTADO",
    "begin" : 73,
    "end" : 75,
    "inCoref" : false
  }, {
    "id" : "s0-m3",
    "properties" : {
      "SIRE_MENTION_ROLE" : "CIDADE",
      "SIRE_ENTITY_SUBTYPE" : "NONE",
      "SIRE_MENTION_TYPE" : "NONE",
      "SIRE_MENTION_CLASS" : "SPC"
    },
    "type" : "CIDADE",
    "begin" : 89,
    "end" : 100,
    "inCoref" : false
  }, {
    "id" : "s0-m4",
    "properties" : {
      "SIRE_MENTION_ROLE" : "ENDERECO",
      "SIRE_ENTITY_SUBTYPE" : "NONE",
      "SIRE_MENTION_TYPE" : "NONE",
      "SIRE_MENTION_CLASS" : "SPC"
    },
    "type" : "ENDERECO",
    "begin" : 111,
    "end" : 140,
    "inCoref" : false
  }, {
    "id" : "s0-m5",
    "properties" : {
      "SIRE_MENTION_ROLE" : "BAIRRO",
      "SIRE_ENTITY_SUBTYPE" : "NONE",
      "SIRE_MENTION_TYPE" : "NONE",
      "SIRE_MENTION_CLASS" : "SPC"
    },
    "type" : "BAIRRO",
    "begin" : 149,
    "end" : 165,
    "inCoref" : false
  }, {
    "id" : "s0-m6",
    "properties" : {
      "SIRE_MENTION_ROLE" : "CEP",
      "SIRE_ENTITY_SUBTYPE" : "NONE",
      "SIRE_MENTION_TYPE" : "NONE",
      "SIRE_MENTION_CLASS" : "SPC"
    },
    "type" : "CEP",
    "begin" : 171,
    "end" : 180,
    "inCoref" : false
  }, {
    "id" : "s0-m7",
    "properties" : {
      "SIRE_MENTION_ROLE" : "CNPJ",
      "SIRE_ENTITY_SUBTYPE" : "NONE",
      "SIRE_MENTION_TYPE" : "NONE",
      "SIRE_MENTION_CLASS" : "SPC"
    },
    "type" : "CNPJ",
    "begin" : 200,
    "end" : 218,
    "inCoref" : false
  }, {
    "id" : "s0-m8",
    "properties" : {
      "SIRE_MENTION_ROLE" : "PARTE",
      "SIRE_ENTITY_SUBTYPE" : "NONE",
      "SIRE_MENTION_TYPE" : "NONE",
      "SIRE_MENTION_CLASS" : "SPC"
    },
    "type" : "PARTE",
    "begin" : 248,
    "end" : 267,
    "inCoref" : true
  }, {
    "id" : "s0-m9",
    "properties" : {
      "SIRE_MENTION_ROLE" : "RG",
      "SIRE_ENTITY_SUBTYPE" : "NONE",
      "SIRE_MENTION_TYPE" : "NONE",
      "SIRE_MENTION_CLASS" : "SPC"
    },
    "type" : "RG",
    "begin" : 272,
    "end" : 284,
    "inCoref" : false
  }, {
    "id" : "s0-m10",
    "properties" : {
      "SIRE_MENTION_ROLE" : "CPF",
      "SIRE_ENTITY_SUBTYPE" : "NONE",
      "SIRE_MENTION_TYPE" : "NONE",
      "SIRE_MENTION_CLASS" : "SPC"
    },
    "type" : "CPF",
    "begin" : 293,
    "end" : 304,
    "inCoref" : false
  }, {
    "id" : "s0-m11",
    "properties" : {
      "SIRE_MENTION_ROLE" : "ENDERECO",
      "SIRE_ENTITY_SUBTYPE" : "NONE",
      "SIRE_MENTION_TYPE" : "NONE",
      "SIRE_MENTION_CLASS" : "SPC"
    },
    "type" : "ENDERECO",
    "begin" : 328,
    "end" : 364,
    "inCoref" : false
  }, {
    "id" : "s0-m13",
    "properties" : {
      "SIRE_MENTION_ROLE" : "BAIRRO",
      "SIRE_ENTITY_SUBTYPE" : "NONE",
      "SIRE_MENTION_TYPE" : "NONE",
      "SIRE_MENTION_CLASS" : "SPC"
    },
    "type" : "BAIRRO",
    "begin" : 373,
    "end" : 382,
    "inCoref" : false
  }, {
    "id" : "s0-m12",
    "properties" : {
      "SIRE_MENTION_ROLE" : "CEP",
      "SIRE_ENTITY_SUBTYPE" : "NONE",
      "SIRE_MENTION_TYPE" : "NONE",
      "SIRE_MENTION_CLASS" : "SPC"
    },
    "type" : "CEP",
    "begin" : 388,
    "end" : 397,
    "inCoref" : false
  }, {
    "id" : "s0-m14",
    "properties" : {
      "SIRE_MENTION_ROLE" : "CIDADE",
      "SIRE_ENTITY_SUBTYPE" : "NONE",
      "SIRE_MENTION_TYPE" : "NONE",
      "SIRE_MENTION_CLASS" : "SPC"
    },
    "type" : "CIDADE",
    "begin" : 406,
    "end" : 417,
    "inCoref" : false
  }, {
    "id" : "s0-m15",
    "properties" : {
      "SIRE_MENTION_ROLE" : "ESTADO",
      "SIRE_ENTITY_SUBTYPE" : "NONE",
      "SIRE_MENTION_TYPE" : "NONE",
      "SIRE_MENTION_CLASS" : "SPC"
    },
    "type" : "ESTADO",
    "begin" : 429,
    "end" : 433,
    "inCoref" : false
  }, {
    "id" : "s1-m1",
    "properties" : {
      "SIRE_MENTION_ROLE" : "PARTE",
      "SIRE_ENTITY_SUBTYPE" : "NONE",
      "SIRE_MENTION_TYPE" : "NONE",
      "SIRE_MENTION_CLASS" : "SPC"
    },
    "type" : "PARTE",
    "begin" : 448,
    "end" : 463,
    "inCoref" : true
  }, {
    "id" : "s1-m2",
    "properties" : {
      "SIRE_MENTION_ROLE" : "PROFISSAO",
      "SIRE_ENTITY_SUBTYPE" : "NONE",
      "SIRE_MENTION_TYPE" : "NONE",
      "SIRE_MENTION_CLASS" : "SPC"
    },
    "type" : "PROFISSAO",
    "begin" : 465,
    "end" : 476,
    "inCoref" : false
  }, {
    "id" : "s1-m3",
    "properties" : {
      "SIRE_MENTION_ROLE" : "ESTADO_CIVIL",
      "SIRE_ENTITY_SUBTYPE" : "NONE",
      "SIRE_MENTION_TYPE" : "NONE",
      "SIRE_MENTION_CLASS" : "SPC"
    },
    "type" : "ESTADO_CIVIL",
    "begin" : 478,
    "end" : 484,
    "inCoref" : false
  }, {
    "id" : "s1-m4",
    "properties" : {
      "SIRE_MENTION_ROLE" : "CIDADE",
      "SIRE_ENTITY_SUBTYPE" : "NONE",
      "SIRE_MENTION_TYPE" : "NONE",
      "SIRE_MENTION_CLASS" : "SPC"
    },
    "type" : "CIDADE",
    "begin" : 497,
    "end" : 516,
    "inCoref" : false
  }, {
    "id" : "s1-m5",
    "properties" : {
      "SIRE_MENTION_ROLE" : "BAIRRO",
      "SIRE_ENTITY_SUBTYPE" : "NONE",
      "SIRE_MENTION_TYPE" : "NONE",
      "SIRE_MENTION_CLASS" : "SPC"
    },
    "type" : "BAIRRO",
    "begin" : 543,
    "end" : 553,
    "inCoref" : false
  }, {
    "id" : "s1-m6",
    "properties" : {
      "SIRE_MENTION_ROLE" : "ENDERECO",
      "SIRE_ENTITY_SUBTYPE" : "NONE",
      "SIRE_MENTION_TYPE" : "NONE",
      "SIRE_MENTION_CLASS" : "SPC"
    },
    "type" : "ENDERECO",
    "begin" : 559,
    "end" : 588,
    "inCoref" : false
  }, {
    "id" : "s1-m7",
    "properties" : {
      "SIRE_MENTION_ROLE" : "ESTADO",
      "SIRE_ENTITY_SUBTYPE" : "NONE",
      "SIRE_MENTION_TYPE" : "NONE",
      "SIRE_MENTION_CLASS" : "SPC"
    },
    "type" : "ESTADO",
    "begin" : 603,
    "end" : 605,
    "inCoref" : false
  }, {
    "id" : "s2-m5",
    "properties" : {
      "SIRE_MENTION_ROLE" : "PARTE",
      "SIRE_ENTITY_SUBTYPE" : "NONE",
      "SIRE_MENTION_TYPE" : "PRO",
      "SIRE_MENTION_CLASS" : "SPC"
    },
    "type" : "PARTE",
    "begin" : 607,
    "end" : 613,
    "inCoref" : true
  }, {
    "id" : "s2-m1",
    "properties" : {
      "SIRE_MENTION_ROLE" : "RG",
      "SIRE_ENTITY_SUBTYPE" : "NONE",
      "SIRE_MENTION_TYPE" : "NONE",
      "SIRE_MENTION_CLASS" : "SPC"
    },
    "type" : "RG",
    "begin" : 644,
    "end" : 656,
    "inCoref" : false
  }, {
    "id" : "s2-m2",
    "properties" : {
      "SIRE_MENTION_ROLE" : "CPF",
      "SIRE_ENTITY_SUBTYPE" : "NONE",
      "SIRE_MENTION_TYPE" : "NONE",
      "SIRE_MENTION_CLASS" : "SPC"
    },
    "type" : "CPF",
    "begin" : 662,
    "end" : 673,
    "inCoref" : false
  }, {
    "id" : "s2-m3",
    "properties" : {
      "SIRE_MENTION_ROLE" : "CTPS",
      "SIRE_ENTITY_SUBTYPE" : "NONE",
      "SIRE_MENTION_TYPE" : "NONE",
      "SIRE_MENTION_CLASS" : "SPC"
    },
    "type" : "CTPS",
    "begin" : 677,
    "end" : 688,
    "inCoref" : false
  }, {
    "id" : "s2-m4",
    "properties" : {
      "SIRE_MENTION_ROLE" : "CTPS",
      "SIRE_ENTITY_SUBTYPE" : "NONE",
      "SIRE_MENTION_TYPE" : "NONE",
      "SIRE_MENTION_CLASS" : "SPC"
    },
    "type" : "CTPS",
    "begin" : 695,
    "end" : 703,
    "inCoref" : false
  }, {
    "id" : "s7-m1",
    "properties" : {
      "SIRE_MENTION_ROLE" : "EMPRESA",
      "SIRE_ENTITY_SUBTYPE" : "NONE",
      "SIRE_MENTION_TYPE" : "NONE",
      "SIRE_MENTION_CLASS" : "SPC"
    },
    "type" : "EMPRESA",
    "begin" : 1135,
    "end" : 1141,
    "inCoref" : true
  }, {
    "id" : "s7-m2",
    "properties" : {
      "SIRE_MENTION_ROLE" : "CIDADE",
      "SIRE_ENTITY_SUBTYPE" : "NONE",
      "SIRE_MENTION_TYPE" : "NONE",
      "SIRE_MENTION_CLASS" : "SPC"
    },
    "type" : "CIDADE",
    "begin" : 1167,
    "end" : 1181,
    "inCoref" : false
  }, {
    "id" : "s7-m3",
    "properties" : {
      "SIRE_MENTION_ROLE" : "PARTE",
      "SIRE_ENTITY_SUBTYPE" : "NONE",
      "SIRE_MENTION_TYPE" : "NONE",
      "SIRE_MENTION_CLASS" : "SPC"
    },
    "type" : "PARTE",
    "begin" : 1193,
    "end" : 1203,
    "inCoref" : true
  }, {
    "id" : "s7-m4",
    "properties" : {
      "SIRE_MENTION_ROLE" : "PARTE",
      "SIRE_ENTITY_SUBTYPE" : "NONE",
      "SIRE_MENTION_TYPE" : "NONE",
      "SIRE_MENTION_CLASS" : "SPC"
    },
    "type" : "PARTE",
    "begin" : 1238,
    "end" : 1247,
    "inCoref" : true
  }, {
    "id" : "s7-m5",
    "properties" : {
      "SIRE_MENTION_ROLE" : "EMPRESA",
      "SIRE_ENTITY_SUBTYPE" : "NONE",
      "SIRE_MENTION_TYPE" : "NONE",
      "SIRE_MENTION_CLASS" : "SPC"
    },
    "type" : "EMPRESA",
    "begin" : 1296,
    "end" : 1326,
    "inCoref" : true
  }, {
    "id" : "s7-m6",
    "properties" : {
      "SIRE_MENTION_ROLE" : "ESTADO",
      "SIRE_ENTITY_SUBTYPE" : "NONE",
      "SIRE_MENTION_TYPE" : "NONE",
      "SIRE_MENTION_CLASS" : "GEN"
    },
    "type" : "ESTADO",
    "begin" : 1357,
    "end" : 1363,
    "inCoref" : false
  }, {
    "id" : "s7-m7",
    "properties" : {
      "SIRE_MENTION_ROLE" : "ESTADO",
      "SIRE_ENTITY_SUBTYPE" : "NONE",
      "SIRE_MENTION_TYPE" : "NONE",
      "SIRE_MENTION_CLASS" : "GEN"
    },
    "type" : "ESTADO",
    "begin" : 1370,
    "end" : 1375,
    "inCoref" : false
  }, {
    "id" : "s10-m1",
    "properties" : {
      "SIRE_MENTION_ROLE" : "PARTE",
      "SIRE_ENTITY_SUBTYPE" : "NONE",
      "SIRE_MENTION_TYPE" : "NONE",
      "SIRE_MENTION_CLASS" : "SPC"
    },
    "type" : "PARTE",
    "begin" : 1456,
    "end" : 1466,
    "inCoref" : true
  }, {
    "id" : "s10-m2",
    "properties" : {
      "SIRE_MENTION_ROLE" : "PROFISSAO",
      "SIRE_ENTITY_SUBTYPE" : "NONE",
      "SIRE_MENTION_TYPE" : "NONE",
      "SIRE_MENTION_CLASS" : "SPC"
    },
    "type" : "PROFISSAO",
    "begin" : 1581,
    "end" : 1592,
    "inCoref" : false
  }, {
    "id" : "s10-m3",
    "properties" : {
      "SIRE_MENTION_ROLE" : "PARTE",
      "SIRE_ENTITY_SUBTYPE" : "NONE",
      "SIRE_MENTION_TYPE" : "NONE",
      "SIRE_MENTION_CLASS" : "SPC"
    },
    "type" : "PARTE",
    "begin" : 1633,
    "end" : 1642,
    "inCoref" : true
  }, {
    "id" : "s10-m4",
    "properties" : {
      "SIRE_MENTION_ROLE" : "CARGA_HORARIA",
      "SIRE_ENTITY_SUBTYPE" : "NONE",
      "SIRE_MENTION_TYPE" : "NONE",
      "SIRE_MENTION_CLASS" : "SPC"
    },
    "type" : "CARGA_HORARIA",
    "begin" : 1657,
    "end" : 1700,
    "inCoref" : false
  }, {
    "id" : "s10-m5",
    "properties" : {
      "SIRE_MENTION_ROLE" : "CARGA_HORARIA",
      "SIRE_ENTITY_SUBTYPE" : "NONE",
      "SIRE_MENTION_TYPE" : "NONE",
      "SIRE_MENTION_CLASS" : "SPC"
    },
    "type" : "CARGA_HORARIA",
    "begin" : 1705,
    "end" : 1720,
    "inCoref" : false
  }, {
    "id" : "s10-m6",
    "properties" : {
      "SIRE_MENTION_ROLE" : "INTERVALO",
      "SIRE_ENTITY_SUBTYPE" : "NONE",
      "SIRE_MENTION_TYPE" : "NONE",
      "SIRE_MENTION_CLASS" : "SPC"
    },
    "type" : "INTERVALO",
    "begin" : 1763,
    "end" : 1776,
    "inCoref" : false
  }, {
    "id" : "s10-m7",
    "properties" : {
      "SIRE_MENTION_ROLE" : "CARGA_HORARIA",
      "SIRE_ENTITY_SUBTYPE" : "NONE",
      "SIRE_MENTION_TYPE" : "NONE",
      "SIRE_MENTION_CLASS" : "SPC"
    },
    "type" : "CARGA_HORARIA",
    "begin" : 1801,
    "end" : 1818,
    "inCoref" : false
  }, {
    "id" : "s12-m1",
    "properties" : {
      "SIRE_MENTION_ROLE" : "PARTE",
      "SIRE_ENTITY_SUBTYPE" : "NONE",
      "SIRE_MENTION_TYPE" : "NONE",
      "SIRE_MENTION_CLASS" : "GEN"
    },
    "type" : "PARTE",
    "begin" : 2018,
    "end" : 2023,
    "inCoref" : false
  }, {
    "id" : "s12-m3",
    "properties" : {
      "SIRE_MENTION_ROLE" : "PARTE",
      "SIRE_ENTITY_SUBTYPE" : "NONE",
      "SIRE_MENTION_TYPE" : "NONE",
      "SIRE_MENTION_CLASS" : "GEN"
    },
    "type" : "PARTE",
    "begin" : 2061,
    "end" : 2066,
    "inCoref" : false
  }, {
    "id" : "s12-m2",
    "properties" : {
      "SIRE_MENTION_ROLE" : "PRAZO_DE_AVISO_PREVIO",
      "SIRE_ENTITY_SUBTYPE" : "NONE",
      "SIRE_MENTION_TYPE" : "NONE",
      "SIRE_MENTION_CLASS" : "SPC"
    },
    "type" : "PRAZO_DE_AVISO_PREVIO",
    "begin" : 2071,
    "end" : 2101,
    "inCoref" : false
  }, {
    "id" : "s14-m1",
    "properties" : {
      "SIRE_MENTION_ROLE" : "PARTE",
      "SIRE_ENTITY_SUBTYPE" : "NONE",
      "SIRE_MENTION_TYPE" : "NONE",
      "SIRE_MENTION_CLASS" : "SPC"
    },
    "type" : "PARTE",
    "begin" : 2140,
    "end" : 2149,
    "inCoref" : true
  }, {
    "id" : "s14-m3",
    "properties" : {
      "SIRE_MENTION_ROLE" : "FREQ_SALARIO",
      "SIRE_ENTITY_SUBTYPE" : "NONE",
      "SIRE_MENTION_TYPE" : "NONE",
      "SIRE_MENTION_CLASS" : "SPC"
    },
    "type" : "FREQ_SALARIO",
    "begin" : 2169,
    "end" : 2176,
    "inCoref" : false
  }, {
    "id" : "s14-m2",
    "properties" : {
      "SIRE_MENTION_ROLE" : "SALARIO",
      "SIRE_ENTITY_SUBTYPE" : "NONE",
      "SIRE_MENTION_TYPE" : "NONE",
      "SIRE_MENTION_CLASS" : "SPC"
    },
    "type" : "SALARIO",
    "begin" : 2180,
    "end" : 2206,
    "inCoref" : false
  } ],
  "relations" : [ {
    "id" : "s0-r1",
    "properties" : { },
    "type" : "localizadaEm",
    "args" : [ "s0-m1", "s0-m2" ]
  }, {
    "id" : "s0-r2",
    "properties" : { },
    "type" : "localizadaEm",
    "args" : [ "s0-m1", "s0-m3" ]
  }, {
    "id" : "s0-r3",
    "properties" : { },
    "type" : "localizadaEm",
    "args" : [ "s0-m1", "s0-m4" ]
  }, {
    "id" : "s0-r4",
    "properties" : { },
    "type" : "localizadaEm",
    "args" : [ "s0-m1", "s0-m5" ]
  }, {
    "id" : "s0-r5",
    "properties" : { },
    "type" : "localizadaEm",
    "args" : [ "s0-m1", "s0-m6" ]
  }, {
    "id" : "s0-r6",
    "properties" : { },
    "type" : "cnpjDe",
    "args" : [ "s0-m7", "s0-m1" ]
  }, {
    "id" : "s0-r7",
    "properties" : { },
    "type" : "representa",
    "args" : [ "s0-m8", "s0-m1" ]
  }, {
    "id" : "s0-r8",
    "properties" : { },
    "type" : "documentoDe",
    "args" : [ "s0-m9", "s0-m8" ]
  }, {
    "id" : "s0-r9",
    "properties" : { },
    "type" : "documentoDe",
    "args" : [ "s0-m10", "s0-m8" ]
  }, {
    "id" : "s0-r10",
    "properties" : { },
    "type" : "residenteDe",
    "args" : [ "s0-m8", "s0-m11" ]
  }, {
    "id" : "s0-r11",
    "properties" : { },
    "type" : "residenteDe",
    "args" : [ "s0-m8", "s0-m13" ]
  }, {
    "id" : "s0-r12",
    "properties" : { },
    "type" : "residenteDe",
    "args" : [ "s0-m8", "s0-m12" ]
  }, {
    "id" : "s0-r13",
    "properties" : { },
    "type" : "residenteDe",
    "args" : [ "s0-m8", "s0-m14" ]
  }, {
    "id" : "s0-r14",
    "properties" : { },
    "type" : "residenteDe",
    "args" : [ "s0-m8", "s0-m15" ]
  }, {
    "id" : "s1-r1",
    "properties" : { },
    "type" : "profissaoDe",
    "args" : [ "s1-m2", "s1-m1" ]
  }, {
    "id" : "s1-r2",
    "properties" : { },
    "type" : "situacaoCivilDe",
    "args" : [ "s1-m3", "s1-m1" ]
  }, {
    "id" : "s1-r3",
    "properties" : { },
    "type" : "residenteDe",
    "args" : [ "s1-m1", "s1-m4" ]
  }, {
    "id" : "s1-r4",
    "properties" : { },
    "type" : "residenteDe",
    "args" : [ "s1-m1", "s1-m5" ]
  }, {
    "id" : "s1-r5",
    "properties" : { },
    "type" : "residenteDe",
    "args" : [ "s1-m1", "s1-m6" ]
  }, {
    "id" : "s1-r6",
    "properties" : { },
    "type" : "residenteDe",
    "args" : [ "s1-m1", "s1-m7" ]
  }, {
    "id" : "s2-r1",
    "properties" : { },
    "type" : "documentoDe",
    "args" : [ "s2-m1", "s2-m5" ]
  }, {
    "id" : "s2-r2",
    "properties" : { },
    "type" : "documentoDe",
    "args" : [ "s2-m2", "s2-m5" ]
  }, {
    "id" : "s2-r3",
    "properties" : { },
    "type" : "documentoDe",
    "args" : [ "s2-m3", "s2-m5" ]
  }, {
    "id" : "s2-r4",
    "properties" : { },
    "type" : "documentoDe",
    "args" : [ "s2-m4", "s2-m5" ]
  }, {
    "id" : "s7-r1",
    "properties" : { },
    "type" : "localizadaEm",
    "args" : [ "s7-m1", "s7-m2" ]
  }, {
    "id" : "s7-r2",
    "properties" : { },
    "type" : "localizadaEm",
    "args" : [ "s7-m5", "s7-m2" ]
  }, {
    "id" : "s7-r4",
    "properties" : { },
    "type" : "representa",
    "args" : [ "s7-m3", "s7-m5" ]
  }, {
    "id" : "s7-r5",
    "properties" : { },
    "type" : "representa",
    "args" : [ "s7-m3", "s7-m1" ]
  }, {
    "id" : "s7-r6",
    "properties" : { },
    "type" : "empregadoDe",
    "args" : [ "s7-m4", "s7-m1" ]
  }, {
    "id" : "s7-r7",
    "properties" : { },
    "type" : "empregadoDe",
    "args" : [ "s7-m4", "s7-m5" ]
  }, {
    "id" : "s10-r1",
    "properties" : { },
    "type" : "profissaoDe",
    "args" : [ "s10-m2", "s10-m3" ]
  }, {
    "id" : "s14-r1",
    "properties" : { },
    "type" : "pagamento",
    "args" : [ "s14-m2", "s14-m3" ]
  } ],
  "corefs" : [ {
    "id" : "c1",
    "properties" : { },
    "mentions" : [ "s0-m1", "s7-m1", "s7-m5" ]
  }, {
    "id" : "c2",
    "properties" : { },
    "mentions" : [ "s0-m8", "s7-m3", "s10-m1" ]
  }, {
    "id" : "c3",
    "properties" : { },
    "mentions" : [ "s10-m3", "s14-m1", "s7-m4", "s2-m5", "s1-m1" ]
  } ],
  "typeResolved" : true,
  "userResolved" : false
}