{
  "id" : "e261bfe0-f8a5-11e9-a827-95123b186854-0",
  "name" : "doc1.txt",
  "createdDate" : 0,
  "version" : 3,
  "text" : "Empregador: Yago e Analu Publicidade e Propaganda Ltda, com sede em Brasília, na Rua Avenida João F. Abreu, s/n, bairro Arnaldino da Silva, CEP 213213433, no estado Rio de Janeiro, inscrito no CNPJ sob o nº 37.653.952/0001-14, neste ato representado pelo Lumdguhe Gellferd, cargo Executivo, Carteira de Identidade nº 17.320.769-8, CPF nº 18964737091, residente e domiciliado na rua Avenida João F. Abreu, s/n, bairro Jardim Guaicurus, CEP 90000-000, cidade Florianópolis, no estado MG;\r\n\r\nEmpregado de nome Kurzgramph Anze, Viúvo(a), residente e domiciliado na Rua Siqueira Mendes 1278, bairro Monte Carlo, de CEP 77480-970, na Cidade Campinas do estado de Rio de Janeiro, de CPF 036.762.390-08, RG 41.322.916-6, Carteira de Trabalho nº 421257 12311-SP.\r\n\r\nAs partes identificadas acima celebram entre si o presente contrato de trabalho por prazo indeterminado, regido pelas cláusulas seguintes e demais disposições legais vigentes:\r\n\r\n\r\n\r\nDAS DISPOSIÇÕES LEGAIS\r\n\r\nCláusula 1ª – O presente contrato de trabalho por prazo indeterminado tem como fundamento a Consolidação das Leis do Trabalho (CLT).\r\n\r\nDO OBJETIVO\r\n\r\nCláusula 2ª - O empregador admite aos seus serviços, na modalidade de contrato de trabalho por tempo indeterminado o empregado, na função de programador.\r\n\r\nDO LOCAL E DAS CONDIÇÕES DE TRABALHO\r\n\r\nCláusula 3º - O local de trabalho será na filial da empresa localizada em Rio de Janeiro, podendo o empregador, a qualquer momento, transferir o empregado em caráter definitivo ou temporário, para outra unidade/filial/estabelecimento, em qualquer localidade deste Estado ou de outro dentro do país.\r\n\r\nDA VIGÊNCIA DO CONTRATO DE TRABALHO\r\n\r\nCláusula 4º - O presente contrato terá duração por prazo indeterminado, sendo assegurado às partes o direito de rescisão a qualquer momento, obrigando-se a parte que desejar rescindi-lo, comunicar a outra com aviso-prévio mínimo de 26 dias.\r\n\r\nDA JORNADA DE TRABALHO\r\n\r\nCláusula 5ª – O trabalho executado pelo empregado consistirá na jornada diária de 8 horas de 9:00 a 22:00, na Segunda, terça, quinta e sexta-feira, com intervalo para repouso/refeição, das 14:00 a 14:00, perfazendo um total de 32 horas semanais.\r\n\r\nDA REMUNERAÇÃO\r\n\r\nCláusula 6ª - O empregado receberá a quantia mensal de R$ oitocentos, efetuados os devidos descontos permitidos por lei.",
  "docLength" : 0,
  "language" : "PT",
  "status" : "IN_PROGRESS",
  "modifiedDate" : 1572173571517,
  "documentSet" : [ ],
  "preannotation" : [ ],
  "sentences" : [ {
    "id" : "s0",
    "begin" : 0,
    "end" : 485,
    "text" : "Empregador: Yago e Analu Publicidade e Propaganda Ltda, com sede em Brasília, na Rua Avenida João F. Abreu, s/n, bairro Arnaldino da Silva, CEP 213213433, no estado Rio de Janeiro, inscrito no CNPJ sob o nº 37.653.952/0001-14, neste ato representado pelo Lumdguhe Gellferd, cargo Executivo, Carteira de Identidade nº 17.320.769-8, CPF nº 18964737091, residente e domiciliado na rua Avenida João F. Abreu, s/n, bairro Jardim Guaicurus, CEP 90000-000, cidade Florianópolis, no estado MG;",
    "tokens" : [ {
      "id" : "s0-t0",
      "begin" : 0,
      "end" : 10,
      "text" : "Empregador",
      "whiteSpace" : false
    }, {
      "id" : "s0-t1",
      "begin" : 10,
      "end" : 11,
      "text" : ":",
      "whiteSpace" : false
    }, {
      "id" : "s0-t2",
      "begin" : 12,
      "end" : 16,
      "text" : "Yago",
      "whiteSpace" : false
    }, {
      "id" : "s0-t3",
      "begin" : 17,
      "end" : 18,
      "text" : "e",
      "whiteSpace" : false
    }, {
      "id" : "s0-t4",
      "begin" : 19,
      "end" : 24,
      "text" : "Analu",
      "whiteSpace" : false
    }, {
      "id" : "s0-t5",
      "begin" : 25,
      "end" : 36,
      "text" : "Publicidade",
      "whiteSpace" : false
    }, {
      "id" : "s0-t6",
      "begin" : 37,
      "end" : 38,
      "text" : "e",
      "whiteSpace" : false
    }, {
      "id" : "s0-t7",
      "begin" : 39,
      "end" : 49,
      "text" : "Propaganda",
      "whiteSpace" : false
    }, {
      "id" : "s0-t8",
      "begin" : 50,
      "end" : 54,
      "text" : "Ltda",
      "whiteSpace" : false
    }, {
      "id" : "s0-t9",
      "begin" : 54,
      "end" : 55,
      "text" : ",",
      "whiteSpace" : false
    }, {
      "id" : "s0-t10",
      "begin" : 56,
      "end" : 59,
      "text" : "com",
      "whiteSpace" : false
    }, {
      "id" : "s0-t11",
      "begin" : 60,
      "end" : 64,
      "text" : "sede",
      "whiteSpace" : false
    }, {
      "id" : "s0-t12",
      "begin" : 65,
      "end" : 67,
      "text" : "em",
      "whiteSpace" : false
    }, {
      "id" : "s0-t13",
      "begin" : 68,
      "end" : 76,
      "text" : "Brasília",
      "whiteSpace" : false
    }, {
      "id" : "s0-t14",
      "begin" : 76,
      "end" : 77,
      "text" : ",",
      "whiteSpace" : false
    }, {
      "id" : "s0-t15",
      "begin" : 78,
      "end" : 80,
      "text" : "na",
      "whiteSpace" : false
    }, {
      "id" : "s0-t16",
      "begin" : 81,
      "end" : 84,
      "text" : "Rua",
      "whiteSpace" : false
    }, {
      "id" : "s0-t17",
      "begin" : 85,
      "end" : 92,
      "text" : "Avenida",
      "whiteSpace" : false
    }, {
      "id" : "s0-t18",
      "begin" : 93,
      "end" : 97,
      "text" : "João",
      "whiteSpace" : false
    }, {
      "id" : "s0-t19",
      "begin" : 98,
      "end" : 100,
      "text" : "F.",
      "whiteSpace" : false
    }, {
      "id" : "s0-t20",
      "begin" : 101,
      "end" : 106,
      "text" : "Abreu",
      "whiteSpace" : false
    }, {
      "id" : "s0-t21",
      "begin" : 106,
      "end" : 107,
      "text" : ",",
      "whiteSpace" : false
    }, {
      "id" : "s0-t22",
      "begin" : 108,
      "end" : 109,
      "text" : "s",
      "whiteSpace" : false
    }, {
      "id" : "s0-t23",
      "begin" : 109,
      "end" : 110,
      "text" : "/",
      "whiteSpace" : false
    }, {
      "id" : "s0-t24",
      "begin" : 110,
      "end" : 111,
      "text" : "n",
      "whiteSpace" : false
    }, {
      "id" : "s0-t25",
      "begin" : 111,
      "end" : 112,
      "text" : ",",
      "whiteSpace" : false
    }, {
      "id" : "s0-t26",
      "begin" : 113,
      "end" : 119,
      "text" : "bairro",
      "whiteSpace" : false
    }, {
      "id" : "s0-t27",
      "begin" : 120,
      "end" : 129,
      "text" : "Arnaldino",
      "whiteSpace" : false
    }, {
      "id" : "s0-t28",
      "begin" : 130,
      "end" : 132,
      "text" : "da",
      "whiteSpace" : false
    }, {
      "id" : "s0-t29",
      "begin" : 133,
      "end" : 138,
      "text" : "Silva",
      "whiteSpace" : false
    }, {
      "id" : "s0-t30",
      "begin" : 138,
      "end" : 139,
      "text" : ",",
      "whiteSpace" : false
    }, {
      "id" : "s0-t31",
      "begin" : 140,
      "end" : 143,
      "text" : "CEP",
      "whiteSpace" : false
    }, {
      "id" : "s0-t32",
      "begin" : 144,
      "end" : 153,
      "text" : "213213433",
      "whiteSpace" : false
    }, {
      "id" : "s0-t33",
      "begin" : 153,
      "end" : 154,
      "text" : ",",
      "whiteSpace" : false
    }, {
      "id" : "s0-t34",
      "begin" : 155,
      "end" : 157,
      "text" : "no",
      "whiteSpace" : false
    }, {
      "id" : "s0-t35",
      "begin" : 158,
      "end" : 164,
      "text" : "estado",
      "whiteSpace" : false
    }, {
      "id" : "s0-t36",
      "begin" : 165,
      "end" : 168,
      "text" : "Rio",
      "whiteSpace" : false
    }, {
      "id" : "s0-t37",
      "begin" : 169,
      "end" : 171,
      "text" : "de",
      "whiteSpace" : false
    }, {
      "id" : "s0-t38",
      "begin" : 172,
      "end" : 179,
      "text" : "Janeiro",
      "whiteSpace" : false
    }, {
      "id" : "s0-t39",
      "begin" : 179,
      "end" : 180,
      "text" : ",",
      "whiteSpace" : false
    }, {
      "id" : "s0-t40",
      "begin" : 181,
      "end" : 189,
      "text" : "inscrito",
      "whiteSpace" : false
    }, {
      "id" : "s0-t41",
      "begin" : 190,
      "end" : 192,
      "text" : "no",
      "whiteSpace" : false
    }, {
      "id" : "s0-t42",
      "begin" : 193,
      "end" : 197,
      "text" : "CNPJ",
      "whiteSpace" : false
    }, {
      "id" : "s0-t43",
      "begin" : 198,
      "end" : 201,
      "text" : "sob",
      "whiteSpace" : false
    }, {
      "id" : "s0-t44",
      "begin" : 202,
      "end" : 203,
      "text" : "o",
      "whiteSpace" : false
    }, {
      "id" : "s0-t45",
      "begin" : 204,
      "end" : 206,
      "text" : "nº",
      "whiteSpace" : false
    }, {
      "id" : "s0-t46",
      "begin" : 207,
      "end" : 226,
      "text" : "37.653.952/0001-14,",
      "whiteSpace" : false
    }, {
      "id" : "s0-t47",
      "begin" : 227,
      "end" : 232,
      "text" : "neste",
      "whiteSpace" : false
    }, {
      "id" : "s0-t48",
      "begin" : 233,
      "end" : 236,
      "text" : "ato",
      "whiteSpace" : false
    }, {
      "id" : "s0-t49",
      "begin" : 237,
      "end" : 249,
      "text" : "representado",
      "whiteSpace" : false
    }, {
      "id" : "s0-t50",
      "begin" : 250,
      "end" : 254,
      "text" : "pelo",
      "whiteSpace" : false
    }, {
      "id" : "s0-t51",
      "begin" : 255,
      "end" : 263,
      "text" : "Lumdguhe",
      "whiteSpace" : false
    }, {
      "id" : "s0-t52",
      "begin" : 264,
      "end" : 272,
      "text" : "Gellferd",
      "whiteSpace" : false
    }, {
      "id" : "s0-t53",
      "begin" : 272,
      "end" : 273,
      "text" : ",",
      "whiteSpace" : false
    }, {
      "id" : "s0-t54",
      "begin" : 274,
      "end" : 279,
      "text" : "cargo",
      "whiteSpace" : false
    }, {
      "id" : "s0-t55",
      "begin" : 280,
      "end" : 289,
      "text" : "Executivo",
      "whiteSpace" : false
    }, {
      "id" : "s0-t56",
      "begin" : 289,
      "end" : 290,
      "text" : ",",
      "whiteSpace" : false
    }, {
      "id" : "s0-t57",
      "begin" : 291,
      "end" : 299,
      "text" : "Carteira",
      "whiteSpace" : false
    }, {
      "id" : "s0-t58",
      "begin" : 300,
      "end" : 302,
      "text" : "de",
      "whiteSpace" : false
    }, {
      "id" : "s0-t59",
      "begin" : 303,
      "end" : 313,
      "text" : "Identidade",
      "whiteSpace" : false
    }, {
      "id" : "s0-t60",
      "begin" : 314,
      "end" : 316,
      "text" : "nº",
      "whiteSpace" : false
    }, {
      "id" : "s0-t61",
      "begin" : 317,
      "end" : 329,
      "text" : "17.320.769-8",
      "whiteSpace" : false
    }, {
      "id" : "s0-t62",
      "begin" : 329,
      "end" : 330,
      "text" : ",",
      "whiteSpace" : false
    }, {
      "id" : "s0-t63",
      "begin" : 331,
      "end" : 334,
      "text" : "CPF",
      "whiteSpace" : false
    }, {
      "id" : "s0-t64",
      "begin" : 335,
      "end" : 337,
      "text" : "nº",
      "whiteSpace" : false
    }, {
      "id" : "s0-t65",
      "begin" : 338,
      "end" : 349,
      "text" : "18964737091",
      "whiteSpace" : false
    }, {
      "id" : "s0-t66",
      "begin" : 349,
      "end" : 350,
      "text" : ",",
      "whiteSpace" : false
    }, {
      "id" : "s0-t67",
      "begin" : 351,
      "end" : 360,
      "text" : "residente",
      "whiteSpace" : false
    }, {
      "id" : "s0-t68",
      "begin" : 361,
      "end" : 362,
      "text" : "e",
      "whiteSpace" : false
    }, {
      "id" : "s0-t69",
      "begin" : 363,
      "end" : 374,
      "text" : "domiciliado",
      "whiteSpace" : false
    }, {
      "id" : "s0-t70",
      "begin" : 375,
      "end" : 377,
      "text" : "na",
      "whiteSpace" : false
    }, {
      "id" : "s0-t71",
      "begin" : 378,
      "end" : 381,
      "text" : "rua",
      "whiteSpace" : false
    }, {
      "id" : "s0-t72",
      "begin" : 382,
      "end" : 389,
      "text" : "Avenida",
      "whiteSpace" : false
    }, {
      "id" : "s0-t73",
      "begin" : 390,
      "end" : 394,
      "text" : "João",
      "whiteSpace" : false
    }, {
      "id" : "s0-t74",
      "begin" : 395,
      "end" : 397,
      "text" : "F.",
      "whiteSpace" : false
    }, {
      "id" : "s0-t75",
      "begin" : 398,
      "end" : 403,
      "text" : "Abreu",
      "whiteSpace" : false
    }, {
      "id" : "s0-t76",
      "begin" : 403,
      "end" : 404,
      "text" : ",",
      "whiteSpace" : false
    }, {
      "id" : "s0-t77",
      "begin" : 405,
      "end" : 406,
      "text" : "s",
      "whiteSpace" : false
    }, {
      "id" : "s0-t78",
      "begin" : 406,
      "end" : 407,
      "text" : "/",
      "whiteSpace" : false
    }, {
      "id" : "s0-t79",
      "begin" : 407,
      "end" : 408,
      "text" : "n",
      "whiteSpace" : false
    }, {
      "id" : "s0-t80",
      "begin" : 408,
      "end" : 409,
      "text" : ",",
      "whiteSpace" : false
    }, {
      "id" : "s0-t81",
      "begin" : 410,
      "end" : 416,
      "text" : "bairro",
      "whiteSpace" : false
    }, {
      "id" : "s0-t82",
      "begin" : 417,
      "end" : 423,
      "text" : "Jardim",
      "whiteSpace" : false
    }, {
      "id" : "s0-t83",
      "begin" : 424,
      "end" : 433,
      "text" : "Guaicurus",
      "whiteSpace" : false
    }, {
      "id" : "s0-t84",
      "begin" : 433,
      "end" : 434,
      "text" : ",",
      "whiteSpace" : false
    }, {
      "id" : "s0-t85",
      "begin" : 435,
      "end" : 438,
      "text" : "CEP",
      "whiteSpace" : false
    }, {
      "id" : "s0-t86",
      "begin" : 439,
      "end" : 448,
      "text" : "90000-000",
      "whiteSpace" : false
    }, {
      "id" : "s0-t87",
      "begin" : 448,
      "end" : 449,
      "text" : ",",
      "whiteSpace" : false
    }, {
      "id" : "s0-t88",
      "begin" : 450,
      "end" : 456,
      "text" : "cidade",
      "whiteSpace" : false
    }, {
      "id" : "s0-t89",
      "begin" : 457,
      "end" : 470,
      "text" : "Florianópolis",
      "whiteSpace" : false
    }, {
      "id" : "s0-t90",
      "begin" : 470,
      "end" : 471,
      "text" : ",",
      "whiteSpace" : false
    }, {
      "id" : "s0-t91",
      "begin" : 472,
      "end" : 474,
      "text" : "no",
      "whiteSpace" : false
    }, {
      "id" : "s0-t92",
      "begin" : 475,
      "end" : 481,
      "text" : "estado",
      "whiteSpace" : false
    }, {
      "id" : "s0-t93",
      "begin" : 482,
      "end" : 484,
      "text" : "MG",
      "whiteSpace" : false
    }, {
      "id" : "s0-t94",
      "begin" : 484,
      "end" : 485,
      "text" : ";",
      "whiteSpace" : false
    } ]
  }, {
    "id" : "s1",
    "begin" : 489,
    "end" : 753,
    "text" : "Empregado de nome Kurzgramph Anze, Viúvo(a), residente e domiciliado na Rua Siqueira Mendes 1278, bairro Monte Carlo, de CEP 77480-970, na Cidade Campinas do estado de Rio de Janeiro, de CPF 036.762.390-08, RG 41.322.916-6, Carteira de Trabalho nº 421257 12311-SP.",
    "tokens" : [ {
      "id" : "s1-t0",
      "begin" : 489,
      "end" : 498,
      "text" : "Empregado",
      "whiteSpace" : false
    }, {
      "id" : "s1-t1",
      "begin" : 499,
      "end" : 501,
      "text" : "de",
      "whiteSpace" : false
    }, {
      "id" : "s1-t2",
      "begin" : 502,
      "end" : 506,
      "text" : "nome",
      "whiteSpace" : false
    }, {
      "id" : "s1-t3",
      "begin" : 507,
      "end" : 517,
      "text" : "Kurzgramph",
      "whiteSpace" : false
    }, {
      "id" : "s1-t4",
      "begin" : 518,
      "end" : 522,
      "text" : "Anze",
      "whiteSpace" : false
    }, {
      "id" : "s1-t5",
      "begin" : 522,
      "end" : 523,
      "text" : ",",
      "whiteSpace" : false
    }, {
      "id" : "s1-t6",
      "begin" : 524,
      "end" : 529,
      "text" : "Viúvo",
      "whiteSpace" : false
    }, {
      "id" : "s1-t7",
      "begin" : 529,
      "end" : 530,
      "text" : "(",
      "whiteSpace" : false
    }, {
      "id" : "s1-t8",
      "begin" : 530,
      "end" : 531,
      "text" : "a",
      "whiteSpace" : false
    }, {
      "id" : "s1-t9",
      "begin" : 531,
      "end" : 532,
      "text" : ")",
      "whiteSpace" : false
    }, {
      "id" : "s1-t10",
      "begin" : 532,
      "end" : 533,
      "text" : ",",
      "whiteSpace" : false
    }, {
      "id" : "s1-t11",
      "begin" : 534,
      "end" : 543,
      "text" : "residente",
      "whiteSpace" : false
    }, {
      "id" : "s1-t12",
      "begin" : 544,
      "end" : 545,
      "text" : "e",
      "whiteSpace" : false
    }, {
      "id" : "s1-t13",
      "begin" : 546,
      "end" : 557,
      "text" : "domiciliado",
      "whiteSpace" : false
    }, {
      "id" : "s1-t14",
      "begin" : 558,
      "end" : 560,
      "text" : "na",
      "whiteSpace" : false
    }, {
      "id" : "s1-t15",
      "begin" : 561,
      "end" : 564,
      "text" : "Rua",
      "whiteSpace" : false
    }, {
      "id" : "s1-t16",
      "begin" : 565,
      "end" : 573,
      "text" : "Siqueira",
      "whiteSpace" : false
    }, {
      "id" : "s1-t17",
      "begin" : 574,
      "end" : 580,
      "text" : "Mendes",
      "whiteSpace" : false
    }, {
      "id" : "s1-t18",
      "begin" : 581,
      "end" : 585,
      "text" : "1278",
      "whiteSpace" : false
    }, {
      "id" : "s1-t19",
      "begin" : 585,
      "end" : 586,
      "text" : ",",
      "whiteSpace" : false
    }, {
      "id" : "s1-t20",
      "begin" : 587,
      "end" : 593,
      "text" : "bairro",
      "whiteSpace" : false
    }, {
      "id" : "s1-t21",
      "begin" : 594,
      "end" : 599,
      "text" : "Monte",
      "whiteSpace" : false
    }, {
      "id" : "s1-t22",
      "begin" : 600,
      "end" : 605,
      "text" : "Carlo",
      "whiteSpace" : false
    }, {
      "id" : "s1-t23",
      "begin" : 605,
      "end" : 606,
      "text" : ",",
      "whiteSpace" : false
    }, {
      "id" : "s1-t24",
      "begin" : 607,
      "end" : 609,
      "text" : "de",
      "whiteSpace" : false
    }, {
      "id" : "s1-t25",
      "begin" : 610,
      "end" : 613,
      "text" : "CEP",
      "whiteSpace" : false
    }, {
      "id" : "s1-t26",
      "begin" : 614,
      "end" : 623,
      "text" : "77480-970",
      "whiteSpace" : false
    }, {
      "id" : "s1-t27",
      "begin" : 623,
      "end" : 624,
      "text" : ",",
      "whiteSpace" : false
    }, {
      "id" : "s1-t28",
      "begin" : 625,
      "end" : 627,
      "text" : "na",
      "whiteSpace" : false
    }, {
      "id" : "s1-t29",
      "begin" : 628,
      "end" : 634,
      "text" : "Cidade",
      "whiteSpace" : false
    }, {
      "id" : "s1-t30",
      "begin" : 635,
      "end" : 643,
      "text" : "Campinas",
      "whiteSpace" : false
    }, {
      "id" : "s1-t31",
      "begin" : 644,
      "end" : 646,
      "text" : "do",
      "whiteSpace" : false
    }, {
      "id" : "s1-t32",
      "begin" : 647,
      "end" : 653,
      "text" : "estado",
      "whiteSpace" : false
    }, {
      "id" : "s1-t33",
      "begin" : 654,
      "end" : 656,
      "text" : "de",
      "whiteSpace" : false
    }, {
      "id" : "s1-t34",
      "begin" : 657,
      "end" : 660,
      "text" : "Rio",
      "whiteSpace" : false
    }, {
      "id" : "s1-t35",
      "begin" : 661,
      "end" : 663,
      "text" : "de",
      "whiteSpace" : false
    }, {
      "id" : "s1-t36",
      "begin" : 664,
      "end" : 671,
      "text" : "Janeiro",
      "whiteSpace" : false
    }, {
      "id" : "s1-t37",
      "begin" : 671,
      "end" : 672,
      "text" : ",",
      "whiteSpace" : false
    }, {
      "id" : "s1-t38",
      "begin" : 673,
      "end" : 675,
      "text" : "de",
      "whiteSpace" : false
    }, {
      "id" : "s1-t39",
      "begin" : 676,
      "end" : 679,
      "text" : "CPF",
      "whiteSpace" : false
    }, {
      "id" : "s1-t40",
      "begin" : 680,
      "end" : 694,
      "text" : "036.762.390-08",
      "whiteSpace" : false
    }, {
      "id" : "s1-t41",
      "begin" : 694,
      "end" : 695,
      "text" : ",",
      "whiteSpace" : false
    }, {
      "id" : "s1-t42",
      "begin" : 696,
      "end" : 698,
      "text" : "RG",
      "whiteSpace" : false
    }, {
      "id" : "s1-t43",
      "begin" : 699,
      "end" : 711,
      "text" : "41.322.916-6",
      "whiteSpace" : false
    }, {
      "id" : "s1-t44",
      "begin" : 711,
      "end" : 712,
      "text" : ",",
      "whiteSpace" : false
    }, {
      "id" : "s1-t45",
      "begin" : 713,
      "end" : 721,
      "text" : "Carteira",
      "whiteSpace" : false
    }, {
      "id" : "s1-t46",
      "begin" : 722,
      "end" : 724,
      "text" : "de",
      "whiteSpace" : false
    }, {
      "id" : "s1-t47",
      "begin" : 725,
      "end" : 733,
      "text" : "Trabalho",
      "whiteSpace" : false
    }, {
      "id" : "s1-t48",
      "begin" : 734,
      "end" : 736,
      "text" : "nº",
      "whiteSpace" : false
    }, {
      "id" : "s1-t49",
      "begin" : 737,
      "end" : 743,
      "text" : "421257",
      "whiteSpace" : false
    }, {
      "id" : "s1-t50",
      "begin" : 744,
      "end" : 752,
      "text" : "12311-SP",
      "whiteSpace" : false
    }, {
      "id" : "s1-t51",
      "begin" : 752,
      "end" : 753,
      "text" : ".",
      "whiteSpace" : false
    } ]
  }, {
    "id" : "s2",
    "begin" : 757,
    "end" : 932,
    "text" : "As partes identificadas acima celebram entre si o presente contrato de trabalho por prazo indeterminado, regido pelas cláusulas seguintes e demais disposições legais vigentes:",
    "tokens" : [ {
      "id" : "s2-t0",
      "begin" : 757,
      "end" : 759,
      "text" : "As",
      "whiteSpace" : false
    }, {
      "id" : "s2-t1",
      "begin" : 760,
      "end" : 766,
      "text" : "partes",
      "whiteSpace" : false
    }, {
      "id" : "s2-t2",
      "begin" : 767,
      "end" : 780,
      "text" : "identificadas",
      "whiteSpace" : false
    }, {
      "id" : "s2-t3",
      "begin" : 781,
      "end" : 786,
      "text" : "acima",
      "whiteSpace" : false
    }, {
      "id" : "s2-t4",
      "begin" : 787,
      "end" : 795,
      "text" : "celebram",
      "whiteSpace" : false
    }, {
      "id" : "s2-t5",
      "begin" : 796,
      "end" : 801,
      "text" : "entre",
      "whiteSpace" : false
    }, {
      "id" : "s2-t6",
      "begin" : 802,
      "end" : 804,
      "text" : "si",
      "whiteSpace" : false
    }, {
      "id" : "s2-t7",
      "begin" : 805,
      "end" : 806,
      "text" : "o",
      "whiteSpace" : false
    }, {
      "id" : "s2-t8",
      "begin" : 807,
      "end" : 815,
      "text" : "presente",
      "whiteSpace" : false
    }, {
      "id" : "s2-t9",
      "begin" : 816,
      "end" : 824,
      "text" : "contrato",
      "whiteSpace" : false
    }, {
      "id" : "s2-t10",
      "begin" : 825,
      "end" : 827,
      "text" : "de",
      "whiteSpace" : false
    }, {
      "id" : "s2-t11",
      "begin" : 828,
      "end" : 836,
      "text" : "trabalho",
      "whiteSpace" : false
    }, {
      "id" : "s2-t12",
      "begin" : 837,
      "end" : 840,
      "text" : "por",
      "whiteSpace" : false
    }, {
      "id" : "s2-t13",
      "begin" : 841,
      "end" : 846,
      "text" : "prazo",
      "whiteSpace" : false
    }, {
      "id" : "s2-t14",
      "begin" : 847,
      "end" : 860,
      "text" : "indeterminado",
      "whiteSpace" : false
    }, {
      "id" : "s2-t15",
      "begin" : 860,
      "end" : 861,
      "text" : ",",
      "whiteSpace" : false
    }, {
      "id" : "s2-t16",
      "begin" : 862,
      "end" : 868,
      "text" : "regido",
      "whiteSpace" : false
    }, {
      "id" : "s2-t17",
      "begin" : 869,
      "end" : 874,
      "text" : "pelas",
      "whiteSpace" : false
    }, {
      "id" : "s2-t18",
      "begin" : 875,
      "end" : 884,
      "text" : "cláusulas",
      "whiteSpace" : false
    }, {
      "id" : "s2-t19",
      "begin" : 885,
      "end" : 894,
      "text" : "seguintes",
      "whiteSpace" : false
    }, {
      "id" : "s2-t20",
      "begin" : 895,
      "end" : 896,
      "text" : "e",
      "whiteSpace" : false
    }, {
      "id" : "s2-t21",
      "begin" : 897,
      "end" : 903,
      "text" : "demais",
      "whiteSpace" : false
    }, {
      "id" : "s2-t22",
      "begin" : 904,
      "end" : 915,
      "text" : "disposições",
      "whiteSpace" : false
    }, {
      "id" : "s2-t23",
      "begin" : 916,
      "end" : 922,
      "text" : "legais",
      "whiteSpace" : false
    }, {
      "id" : "s2-t24",
      "begin" : 923,
      "end" : 931,
      "text" : "vigentes",
      "whiteSpace" : false
    }, {
      "id" : "s2-t25",
      "begin" : 931,
      "end" : 932,
      "text" : ":",
      "whiteSpace" : false
    } ]
  }, {
    "id" : "s3",
    "begin" : 940,
    "end" : 962,
    "text" : "DAS DISPOSIÇÕES LEGAIS",
    "tokens" : [ {
      "id" : "s3-t0",
      "begin" : 940,
      "end" : 943,
      "text" : "DAS",
      "whiteSpace" : false
    }, {
      "id" : "s3-t1",
      "begin" : 944,
      "end" : 955,
      "text" : "DISPOSIÇÕES",
      "whiteSpace" : false
    }, {
      "id" : "s3-t2",
      "begin" : 956,
      "end" : 962,
      "text" : "LEGAIS",
      "whiteSpace" : false
    } ]
  }, {
    "id" : "s4",
    "begin" : 966,
    "end" : 1098,
    "text" : "Cláusula 1ª – O presente contrato de trabalho por prazo indeterminado tem como fundamento a Consolidação das Leis do Trabalho (CLT).",
    "tokens" : [ {
      "id" : "s4-t0",
      "begin" : 966,
      "end" : 974,
      "text" : "Cláusula",
      "whiteSpace" : false
    }, {
      "id" : "s4-t1",
      "begin" : 975,
      "end" : 977,
      "text" : "1ª",
      "whiteSpace" : false
    }, {
      "id" : "s4-t2",
      "begin" : 978,
      "end" : 979,
      "text" : "–",
      "whiteSpace" : false
    }, {
      "id" : "s4-t3",
      "begin" : 980,
      "end" : 981,
      "text" : "O",
      "whiteSpace" : false
    }, {
      "id" : "s4-t4",
      "begin" : 982,
      "end" : 990,
      "text" : "presente",
      "whiteSpace" : false
    }, {
      "id" : "s4-t5",
      "begin" : 991,
      "end" : 999,
      "text" : "contrato",
      "whiteSpace" : false
    }, {
      "id" : "s4-t6",
      "begin" : 1000,
      "end" : 1002,
      "text" : "de",
      "whiteSpace" : false
    }, {
      "id" : "s4-t7",
      "begin" : 1003,
      "end" : 1011,
      "text" : "trabalho",
      "whiteSpace" : false
    }, {
      "id" : "s4-t8",
      "begin" : 1012,
      "end" : 1015,
      "text" : "por",
      "whiteSpace" : false
    }, {
      "id" : "s4-t9",
      "begin" : 1016,
      "end" : 1021,
      "text" : "prazo",
      "whiteSpace" : false
    }, {
      "id" : "s4-t10",
      "begin" : 1022,
      "end" : 1035,
      "text" : "indeterminado",
      "whiteSpace" : false
    }, {
      "id" : "s4-t11",
      "begin" : 1036,
      "end" : 1039,
      "text" : "tem",
      "whiteSpace" : false
    }, {
      "id" : "s4-t12",
      "begin" : 1040,
      "end" : 1044,
      "text" : "como",
      "whiteSpace" : false
    }, {
      "id" : "s4-t13",
      "begin" : 1045,
      "end" : 1055,
      "text" : "fundamento",
      "whiteSpace" : false
    }, {
      "id" : "s4-t14",
      "begin" : 1056,
      "end" : 1057,
      "text" : "a",
      "whiteSpace" : false
    }, {
      "id" : "s4-t15",
      "begin" : 1058,
      "end" : 1070,
      "text" : "Consolidação",
      "whiteSpace" : false
    }, {
      "id" : "s4-t16",
      "begin" : 1071,
      "end" : 1074,
      "text" : "das",
      "whiteSpace" : false
    }, {
      "id" : "s4-t17",
      "begin" : 1075,
      "end" : 1079,
      "text" : "Leis",
      "whiteSpace" : false
    }, {
      "id" : "s4-t18",
      "begin" : 1080,
      "end" : 1082,
      "text" : "do",
      "whiteSpace" : false
    }, {
      "id" : "s4-t19",
      "begin" : 1083,
      "end" : 1091,
      "text" : "Trabalho",
      "whiteSpace" : false
    }, {
      "id" : "s4-t20",
      "begin" : 1092,
      "end" : 1093,
      "text" : "(",
      "whiteSpace" : false
    }, {
      "id" : "s4-t21",
      "begin" : 1093,
      "end" : 1096,
      "text" : "CLT",
      "whiteSpace" : false
    }, {
      "id" : "s4-t22",
      "begin" : 1096,
      "end" : 1097,
      "text" : ")",
      "whiteSpace" : false
    }, {
      "id" : "s4-t23",
      "begin" : 1097,
      "end" : 1098,
      "text" : ".",
      "whiteSpace" : false
    } ]
  }, {
    "id" : "s5",
    "begin" : 1102,
    "end" : 1113,
    "text" : "DO OBJETIVO",
    "tokens" : [ {
      "id" : "s5-t0",
      "begin" : 1102,
      "end" : 1104,
      "text" : "DO",
      "whiteSpace" : false
    }, {
      "id" : "s5-t1",
      "begin" : 1105,
      "end" : 1113,
      "text" : "OBJETIVO",
      "whiteSpace" : false
    } ]
  }, {
    "id" : "s6",
    "begin" : 1117,
    "end" : 1270,
    "text" : "Cláusula 2ª - O empregador admite aos seus serviços, na modalidade de contrato de trabalho por tempo indeterminado o empregado, na função de programador.",
    "tokens" : [ {
      "id" : "s6-t0",
      "begin" : 1117,
      "end" : 1125,
      "text" : "Cláusula",
      "whiteSpace" : false
    }, {
      "id" : "s6-t1",
      "begin" : 1126,
      "end" : 1128,
      "text" : "2ª",
      "whiteSpace" : false
    }, {
      "id" : "s6-t2",
      "begin" : 1129,
      "end" : 1130,
      "text" : "-",
      "whiteSpace" : false
    }, {
      "id" : "s6-t3",
      "begin" : 1131,
      "end" : 1132,
      "text" : "O",
      "whiteSpace" : false
    }, {
      "id" : "s6-t4",
      "begin" : 1133,
      "end" : 1143,
      "text" : "empregador",
      "whiteSpace" : false
    }, {
      "id" : "s6-t5",
      "begin" : 1144,
      "end" : 1150,
      "text" : "admite",
      "whiteSpace" : false
    }, {
      "id" : "s6-t6",
      "begin" : 1151,
      "end" : 1154,
      "text" : "aos",
      "whiteSpace" : false
    }, {
      "id" : "s6-t7",
      "begin" : 1155,
      "end" : 1159,
      "text" : "seus",
      "whiteSpace" : false
    }, {
      "id" : "s6-t8",
      "begin" : 1160,
      "end" : 1168,
      "text" : "serviços",
      "whiteSpace" : false
    }, {
      "id" : "s6-t9",
      "begin" : 1168,
      "end" : 1169,
      "text" : ",",
      "whiteSpace" : false
    }, {
      "id" : "s6-t10",
      "begin" : 1170,
      "end" : 1172,
      "text" : "na",
      "whiteSpace" : false
    }, {
      "id" : "s6-t11",
      "begin" : 1173,
      "end" : 1183,
      "text" : "modalidade",
      "whiteSpace" : false
    }, {
      "id" : "s6-t12",
      "begin" : 1184,
      "end" : 1186,
      "text" : "de",
      "whiteSpace" : false
    }, {
      "id" : "s6-t13",
      "begin" : 1187,
      "end" : 1195,
      "text" : "contrato",
      "whiteSpace" : false
    }, {
      "id" : "s6-t14",
      "begin" : 1196,
      "end" : 1198,
      "text" : "de",
      "whiteSpace" : false
    }, {
      "id" : "s6-t15",
      "begin" : 1199,
      "end" : 1207,
      "text" : "trabalho",
      "whiteSpace" : false
    }, {
      "id" : "s6-t16",
      "begin" : 1208,
      "end" : 1211,
      "text" : "por",
      "whiteSpace" : false
    }, {
      "id" : "s6-t17",
      "begin" : 1212,
      "end" : 1217,
      "text" : "tempo",
      "whiteSpace" : false
    }, {
      "id" : "s6-t18",
      "begin" : 1218,
      "end" : 1231,
      "text" : "indeterminado",
      "whiteSpace" : false
    }, {
      "id" : "s6-t19",
      "begin" : 1232,
      "end" : 1233,
      "text" : "o",
      "whiteSpace" : false
    }, {
      "id" : "s6-t20",
      "begin" : 1234,
      "end" : 1243,
      "text" : "empregado",
      "whiteSpace" : false
    }, {
      "id" : "s6-t21",
      "begin" : 1243,
      "end" : 1244,
      "text" : ",",
      "whiteSpace" : false
    }, {
      "id" : "s6-t22",
      "begin" : 1245,
      "end" : 1247,
      "text" : "na",
      "whiteSpace" : false
    }, {
      "id" : "s6-t23",
      "begin" : 1248,
      "end" : 1254,
      "text" : "função",
      "whiteSpace" : false
    }, {
      "id" : "s6-t24",
      "begin" : 1255,
      "end" : 1257,
      "text" : "de",
      "whiteSpace" : false
    }, {
      "id" : "s6-t25",
      "begin" : 1258,
      "end" : 1269,
      "text" : "programador",
      "whiteSpace" : false
    }, {
      "id" : "s6-t26",
      "begin" : 1269,
      "end" : 1270,
      "text" : ".",
      "whiteSpace" : false
    } ]
  }, {
    "id" : "s7",
    "begin" : 1274,
    "end" : 1310,
    "text" : "DO LOCAL E DAS CONDIÇÕES DE TRABALHO",
    "tokens" : [ {
      "id" : "s7-t0",
      "begin" : 1274,
      "end" : 1276,
      "text" : "DO",
      "whiteSpace" : false
    }, {
      "id" : "s7-t1",
      "begin" : 1277,
      "end" : 1282,
      "text" : "LOCAL",
      "whiteSpace" : false
    }, {
      "id" : "s7-t2",
      "begin" : 1283,
      "end" : 1284,
      "text" : "E",
      "whiteSpace" : false
    }, {
      "id" : "s7-t3",
      "begin" : 1285,
      "end" : 1288,
      "text" : "DAS",
      "whiteSpace" : false
    }, {
      "id" : "s7-t4",
      "begin" : 1289,
      "end" : 1298,
      "text" : "CONDIÇÕES",
      "whiteSpace" : false
    }, {
      "id" : "s7-t5",
      "begin" : 1299,
      "end" : 1301,
      "text" : "DE",
      "whiteSpace" : false
    }, {
      "id" : "s7-t6",
      "begin" : 1302,
      "end" : 1310,
      "text" : "TRABALHO",
      "whiteSpace" : false
    } ]
  }, {
    "id" : "s8",
    "begin" : 1314,
    "end" : 1612,
    "text" : "Cláusula 3º - O local de trabalho será na filial da empresa localizada em Rio de Janeiro, podendo o empregador, a qualquer momento, transferir o empregado em caráter definitivo ou temporário, para outra unidade/filial/estabelecimento, em qualquer localidade deste Estado ou de outro dentro do país.",
    "tokens" : [ {
      "id" : "s8-t0",
      "begin" : 1314,
      "end" : 1322,
      "text" : "Cláusula",
      "whiteSpace" : false
    }, {
      "id" : "s8-t1",
      "begin" : 1323,
      "end" : 1325,
      "text" : "3º",
      "whiteSpace" : false
    }, {
      "id" : "s8-t2",
      "begin" : 1326,
      "end" : 1327,
      "text" : "-",
      "whiteSpace" : false
    }, {
      "id" : "s8-t3",
      "begin" : 1328,
      "end" : 1329,
      "text" : "O",
      "whiteSpace" : false
    }, {
      "id" : "s8-t4",
      "begin" : 1330,
      "end" : 1335,
      "text" : "local",
      "whiteSpace" : false
    }, {
      "id" : "s8-t5",
      "begin" : 1336,
      "end" : 1338,
      "text" : "de",
      "whiteSpace" : false
    }, {
      "id" : "s8-t6",
      "begin" : 1339,
      "end" : 1347,
      "text" : "trabalho",
      "whiteSpace" : false
    }, {
      "id" : "s8-t7",
      "begin" : 1348,
      "end" : 1352,
      "text" : "será",
      "whiteSpace" : false
    }, {
      "id" : "s8-t8",
      "begin" : 1353,
      "end" : 1355,
      "text" : "na",
      "whiteSpace" : false
    }, {
      "id" : "s8-t9",
      "begin" : 1356,
      "end" : 1362,
      "text" : "filial",
      "whiteSpace" : false
    }, {
      "id" : "s8-t10",
      "begin" : 1363,
      "end" : 1365,
      "text" : "da",
      "whiteSpace" : false
    }, {
      "id" : "s8-t11",
      "begin" : 1366,
      "end" : 1373,
      "text" : "empresa",
      "whiteSpace" : false
    }, {
      "id" : "s8-t12",
      "begin" : 1374,
      "end" : 1384,
      "text" : "localizada",
      "whiteSpace" : false
    }, {
      "id" : "s8-t13",
      "begin" : 1385,
      "end" : 1387,
      "text" : "em",
      "whiteSpace" : false
    }, {
      "id" : "s8-t14",
      "begin" : 1388,
      "end" : 1391,
      "text" : "Rio",
      "whiteSpace" : false
    }, {
      "id" : "s8-t15",
      "begin" : 1392,
      "end" : 1394,
      "text" : "de",
      "whiteSpace" : false
    }, {
      "id" : "s8-t16",
      "begin" : 1395,
      "end" : 1402,
      "text" : "Janeiro",
      "whiteSpace" : false
    }, {
      "id" : "s8-t17",
      "begin" : 1402,
      "end" : 1403,
      "text" : ",",
      "whiteSpace" : false
    }, {
      "id" : "s8-t18",
      "begin" : 1404,
      "end" : 1411,
      "text" : "podendo",
      "whiteSpace" : false
    }, {
      "id" : "s8-t19",
      "begin" : 1412,
      "end" : 1413,
      "text" : "o",
      "whiteSpace" : false
    }, {
      "id" : "s8-t20",
      "begin" : 1414,
      "end" : 1424,
      "text" : "empregador",
      "whiteSpace" : false
    }, {
      "id" : "s8-t21",
      "begin" : 1424,
      "end" : 1425,
      "text" : ",",
      "whiteSpace" : false
    }, {
      "id" : "s8-t22",
      "begin" : 1426,
      "end" : 1427,
      "text" : "a",
      "whiteSpace" : false
    }, {
      "id" : "s8-t23",
      "begin" : 1428,
      "end" : 1436,
      "text" : "qualquer",
      "whiteSpace" : false
    }, {
      "id" : "s8-t24",
      "begin" : 1437,
      "end" : 1444,
      "text" : "momento",
      "whiteSpace" : false
    }, {
      "id" : "s8-t25",
      "begin" : 1444,
      "end" : 1445,
      "text" : ",",
      "whiteSpace" : false
    }, {
      "id" : "s8-t26",
      "begin" : 1446,
      "end" : 1456,
      "text" : "transferir",
      "whiteSpace" : false
    }, {
      "id" : "s8-t27",
      "begin" : 1457,
      "end" : 1458,
      "text" : "o",
      "whiteSpace" : false
    }, {
      "id" : "s8-t28",
      "begin" : 1459,
      "end" : 1468,
      "text" : "empregado",
      "whiteSpace" : false
    }, {
      "id" : "s8-t29",
      "begin" : 1469,
      "end" : 1471,
      "text" : "em",
      "whiteSpace" : false
    }, {
      "id" : "s8-t30",
      "begin" : 1472,
      "end" : 1479,
      "text" : "caráter",
      "whiteSpace" : false
    }, {
      "id" : "s8-t31",
      "begin" : 1480,
      "end" : 1490,
      "text" : "definitivo",
      "whiteSpace" : false
    }, {
      "id" : "s8-t32",
      "begin" : 1491,
      "end" : 1493,
      "text" : "ou",
      "whiteSpace" : false
    }, {
      "id" : "s8-t33",
      "begin" : 1494,
      "end" : 1504,
      "text" : "temporário",
      "whiteSpace" : false
    }, {
      "id" : "s8-t34",
      "begin" : 1504,
      "end" : 1505,
      "text" : ",",
      "whiteSpace" : false
    }, {
      "id" : "s8-t35",
      "begin" : 1506,
      "end" : 1510,
      "text" : "para",
      "whiteSpace" : false
    }, {
      "id" : "s8-t36",
      "begin" : 1511,
      "end" : 1516,
      "text" : "outra",
      "whiteSpace" : false
    }, {
      "id" : "s8-t37",
      "begin" : 1517,
      "end" : 1524,
      "text" : "unidade",
      "whiteSpace" : false
    }, {
      "id" : "s8-t38",
      "begin" : 1524,
      "end" : 1525,
      "text" : "/",
      "whiteSpace" : false
    }, {
      "id" : "s8-t39",
      "begin" : 1525,
      "end" : 1547,
      "text" : "filial/estabelecimento",
      "whiteSpace" : false
    }, {
      "id" : "s8-t40",
      "begin" : 1547,
      "end" : 1548,
      "text" : ",",
      "whiteSpace" : false
    }, {
      "id" : "s8-t41",
      "begin" : 1549,
      "end" : 1551,
      "text" : "em",
      "whiteSpace" : false
    }, {
      "id" : "s8-t42",
      "begin" : 1552,
      "end" : 1560,
      "text" : "qualquer",
      "whiteSpace" : false
    }, {
      "id" : "s8-t43",
      "begin" : 1561,
      "end" : 1571,
      "text" : "localidade",
      "whiteSpace" : false
    }, {
      "id" : "s8-t44",
      "begin" : 1572,
      "end" : 1577,
      "text" : "deste",
      "whiteSpace" : false
    }, {
      "id" : "s8-t45",
      "begin" : 1578,
      "end" : 1584,
      "text" : "Estado",
      "whiteSpace" : false
    }, {
      "id" : "s8-t46",
      "begin" : 1585,
      "end" : 1587,
      "text" : "ou",
      "whiteSpace" : false
    }, {
      "id" : "s8-t47",
      "begin" : 1588,
      "end" : 1590,
      "text" : "de",
      "whiteSpace" : false
    }, {
      "id" : "s8-t48",
      "begin" : 1591,
      "end" : 1596,
      "text" : "outro",
      "whiteSpace" : false
    }, {
      "id" : "s8-t49",
      "begin" : 1597,
      "end" : 1603,
      "text" : "dentro",
      "whiteSpace" : false
    }, {
      "id" : "s8-t50",
      "begin" : 1604,
      "end" : 1606,
      "text" : "do",
      "whiteSpace" : false
    }, {
      "id" : "s8-t51",
      "begin" : 1607,
      "end" : 1611,
      "text" : "país",
      "whiteSpace" : false
    }, {
      "id" : "s8-t52",
      "begin" : 1611,
      "end" : 1612,
      "text" : ".",
      "whiteSpace" : false
    } ]
  }, {
    "id" : "s9",
    "begin" : 1616,
    "end" : 1651,
    "text" : "DA VIGÊNCIA DO CONTRATO DE TRABALHO",
    "tokens" : [ {
      "id" : "s9-t0",
      "begin" : 1616,
      "end" : 1618,
      "text" : "DA",
      "whiteSpace" : false
    }, {
      "id" : "s9-t1",
      "begin" : 1619,
      "end" : 1627,
      "text" : "VIGÊNCIA",
      "whiteSpace" : false
    }, {
      "id" : "s9-t2",
      "begin" : 1628,
      "end" : 1630,
      "text" : "DO",
      "whiteSpace" : false
    }, {
      "id" : "s9-t3",
      "begin" : 1631,
      "end" : 1639,
      "text" : "CONTRATO",
      "whiteSpace" : false
    }, {
      "id" : "s9-t4",
      "begin" : 1640,
      "end" : 1642,
      "text" : "DE",
      "whiteSpace" : false
    }, {
      "id" : "s9-t5",
      "begin" : 1643,
      "end" : 1651,
      "text" : "TRABALHO",
      "whiteSpace" : false
    } ]
  }, {
    "id" : "s10",
    "begin" : 1655,
    "end" : 1895,
    "text" : "Cláusula 4º - O presente contrato terá duração por prazo indeterminado, sendo assegurado às partes o direito de rescisão a qualquer momento, obrigando-se a parte que desejar rescindi-lo, comunicar a outra com aviso-prévio mínimo de 26 dias.",
    "tokens" : [ {
      "id" : "s10-t0",
      "begin" : 1655,
      "end" : 1663,
      "text" : "Cláusula",
      "whiteSpace" : false
    }, {
      "id" : "s10-t1",
      "begin" : 1664,
      "end" : 1666,
      "text" : "4º",
      "whiteSpace" : false
    }, {
      "id" : "s10-t2",
      "begin" : 1667,
      "end" : 1668,
      "text" : "-",
      "whiteSpace" : false
    }, {
      "id" : "s10-t3",
      "begin" : 1669,
      "end" : 1670,
      "text" : "O",
      "whiteSpace" : false
    }, {
      "id" : "s10-t4",
      "begin" : 1671,
      "end" : 1679,
      "text" : "presente",
      "whiteSpace" : false
    }, {
      "id" : "s10-t5",
      "begin" : 1680,
      "end" : 1688,
      "text" : "contrato",
      "whiteSpace" : false
    }, {
      "id" : "s10-t6",
      "begin" : 1689,
      "end" : 1693,
      "text" : "terá",
      "whiteSpace" : false
    }, {
      "id" : "s10-t7",
      "begin" : 1694,
      "end" : 1701,
      "text" : "duração",
      "whiteSpace" : false
    }, {
      "id" : "s10-t8",
      "begin" : 1702,
      "end" : 1705,
      "text" : "por",
      "whiteSpace" : false
    }, {
      "id" : "s10-t9",
      "begin" : 1706,
      "end" : 1711,
      "text" : "prazo",
      "whiteSpace" : false
    }, {
      "id" : "s10-t10",
      "begin" : 1712,
      "end" : 1725,
      "text" : "indeterminado",
      "whiteSpace" : false
    }, {
      "id" : "s10-t11",
      "begin" : 1725,
      "end" : 1726,
      "text" : ",",
      "whiteSpace" : false
    }, {
      "id" : "s10-t12",
      "begin" : 1727,
      "end" : 1732,
      "text" : "sendo",
      "whiteSpace" : false
    }, {
      "id" : "s10-t13",
      "begin" : 1733,
      "end" : 1743,
      "text" : "assegurado",
      "whiteSpace" : false
    }, {
      "id" : "s10-t14",
      "begin" : 1744,
      "end" : 1746,
      "text" : "às",
      "whiteSpace" : false
    }, {
      "id" : "s10-t15",
      "begin" : 1747,
      "end" : 1753,
      "text" : "partes",
      "whiteSpace" : false
    }, {
      "id" : "s10-t16",
      "begin" : 1754,
      "end" : 1755,
      "text" : "o",
      "whiteSpace" : false
    }, {
      "id" : "s10-t17",
      "begin" : 1756,
      "end" : 1763,
      "text" : "direito",
      "whiteSpace" : false
    }, {
      "id" : "s10-t18",
      "begin" : 1764,
      "end" : 1766,
      "text" : "de",
      "whiteSpace" : false
    }, {
      "id" : "s10-t19",
      "begin" : 1767,
      "end" : 1775,
      "text" : "rescisão",
      "whiteSpace" : false
    }, {
      "id" : "s10-t20",
      "begin" : 1776,
      "end" : 1777,
      "text" : "a",
      "whiteSpace" : false
    }, {
      "id" : "s10-t21",
      "begin" : 1778,
      "end" : 1786,
      "text" : "qualquer",
      "whiteSpace" : false
    }, {
      "id" : "s10-t22",
      "begin" : 1787,
      "end" : 1794,
      "text" : "momento",
      "whiteSpace" : false
    }, {
      "id" : "s10-t23",
      "begin" : 1794,
      "end" : 1795,
      "text" : ",",
      "whiteSpace" : false
    }, {
      "id" : "s10-t24",
      "begin" : 1796,
      "end" : 1808,
      "text" : "obrigando-se",
      "whiteSpace" : false
    }, {
      "id" : "s10-t25",
      "begin" : 1809,
      "end" : 1810,
      "text" : "a",
      "whiteSpace" : false
    }, {
      "id" : "s10-t26",
      "begin" : 1811,
      "end" : 1816,
      "text" : "parte",
      "whiteSpace" : false
    }, {
      "id" : "s10-t27",
      "begin" : 1817,
      "end" : 1820,
      "text" : "que",
      "whiteSpace" : false
    }, {
      "id" : "s10-t28",
      "begin" : 1821,
      "end" : 1828,
      "text" : "desejar",
      "whiteSpace" : false
    }, {
      "id" : "s10-t29",
      "begin" : 1829,
      "end" : 1840,
      "text" : "rescindi-lo",
      "whiteSpace" : false
    }, {
      "id" : "s10-t30",
      "begin" : 1840,
      "end" : 1841,
      "text" : ",",
      "whiteSpace" : false
    }, {
      "id" : "s10-t31",
      "begin" : 1842,
      "end" : 1851,
      "text" : "comunicar",
      "whiteSpace" : false
    }, {
      "id" : "s10-t32",
      "begin" : 1852,
      "end" : 1853,
      "text" : "a",
      "whiteSpace" : false
    }, {
      "id" : "s10-t33",
      "begin" : 1854,
      "end" : 1859,
      "text" : "outra",
      "whiteSpace" : false
    }, {
      "id" : "s10-t34",
      "begin" : 1860,
      "end" : 1863,
      "text" : "com",
      "whiteSpace" : false
    }, {
      "id" : "s10-t35",
      "begin" : 1864,
      "end" : 1876,
      "text" : "aviso-prévio",
      "whiteSpace" : false
    }, {
      "id" : "s10-t36",
      "begin" : 1877,
      "end" : 1883,
      "text" : "mínimo",
      "whiteSpace" : false
    }, {
      "id" : "s10-t37",
      "begin" : 1884,
      "end" : 1886,
      "text" : "de",
      "whiteSpace" : false
    }, {
      "id" : "s10-t38",
      "begin" : 1887,
      "end" : 1889,
      "text" : "26",
      "whiteSpace" : false
    }, {
      "id" : "s10-t39",
      "begin" : 1890,
      "end" : 1894,
      "text" : "dias",
      "whiteSpace" : false
    }, {
      "id" : "s10-t40",
      "begin" : 1894,
      "end" : 1895,
      "text" : ".",
      "whiteSpace" : false
    } ]
  }, {
    "id" : "s11",
    "begin" : 1899,
    "end" : 1921,
    "text" : "DA JORNADA DE TRABALHO",
    "tokens" : [ {
      "id" : "s11-t0",
      "begin" : 1899,
      "end" : 1901,
      "text" : "DA",
      "whiteSpace" : false
    }, {
      "id" : "s11-t1",
      "begin" : 1902,
      "end" : 1909,
      "text" : "JORNADA",
      "whiteSpace" : false
    }, {
      "id" : "s11-t2",
      "begin" : 1910,
      "end" : 1912,
      "text" : "DE",
      "whiteSpace" : false
    }, {
      "id" : "s11-t3",
      "begin" : 1913,
      "end" : 1921,
      "text" : "TRABALHO",
      "whiteSpace" : false
    } ]
  }, {
    "id" : "s12",
    "begin" : 1925,
    "end" : 2170,
    "text" : "Cláusula 5ª – O trabalho executado pelo empregado consistirá na jornada diária de 8 horas de 9:00 a 22:00, na Segunda, terça, quinta e sexta-feira, com intervalo para repouso/refeição, das 14:00 a 14:00, perfazendo um total de 32 horas semanais.",
    "tokens" : [ {
      "id" : "s12-t0",
      "begin" : 1925,
      "end" : 1933,
      "text" : "Cláusula",
      "whiteSpace" : false
    }, {
      "id" : "s12-t1",
      "begin" : 1934,
      "end" : 1936,
      "text" : "5ª",
      "whiteSpace" : false
    }, {
      "id" : "s12-t2",
      "begin" : 1937,
      "end" : 1938,
      "text" : "–",
      "whiteSpace" : false
    }, {
      "id" : "s12-t3",
      "begin" : 1939,
      "end" : 1940,
      "text" : "O",
      "whiteSpace" : false
    }, {
      "id" : "s12-t4",
      "begin" : 1941,
      "end" : 1949,
      "text" : "trabalho",
      "whiteSpace" : false
    }, {
      "id" : "s12-t5",
      "begin" : 1950,
      "end" : 1959,
      "text" : "executado",
      "whiteSpace" : false
    }, {
      "id" : "s12-t6",
      "begin" : 1960,
      "end" : 1964,
      "text" : "pelo",
      "whiteSpace" : false
    }, {
      "id" : "s12-t7",
      "begin" : 1965,
      "end" : 1974,
      "text" : "empregado",
      "whiteSpace" : false
    }, {
      "id" : "s12-t8",
      "begin" : 1975,
      "end" : 1985,
      "text" : "consistirá",
      "whiteSpace" : false
    }, {
      "id" : "s12-t9",
      "begin" : 1986,
      "end" : 1988,
      "text" : "na",
      "whiteSpace" : false
    }, {
      "id" : "s12-t10",
      "begin" : 1989,
      "end" : 1996,
      "text" : "jornada",
      "whiteSpace" : false
    }, {
      "id" : "s12-t11",
      "begin" : 1997,
      "end" : 2003,
      "text" : "diária",
      "whiteSpace" : false
    }, {
      "id" : "s12-t12",
      "begin" : 2004,
      "end" : 2006,
      "text" : "de",
      "whiteSpace" : false
    }, {
      "id" : "s12-t13",
      "begin" : 2007,
      "end" : 2008,
      "text" : "8",
      "whiteSpace" : false
    }, {
      "id" : "s12-t14",
      "begin" : 2009,
      "end" : 2014,
      "text" : "horas",
      "whiteSpace" : false
    }, {
      "id" : "s12-t15",
      "begin" : 2015,
      "end" : 2017,
      "text" : "de",
      "whiteSpace" : false
    }, {
      "id" : "s12-t16",
      "begin" : 2018,
      "end" : 2022,
      "text" : "9:00",
      "whiteSpace" : false
    }, {
      "id" : "s12-t17",
      "begin" : 2023,
      "end" : 2024,
      "text" : "a",
      "whiteSpace" : false
    }, {
      "id" : "s12-t18",
      "begin" : 2025,
      "end" : 2030,
      "text" : "22:00",
      "whiteSpace" : false
    }, {
      "id" : "s12-t19",
      "begin" : 2030,
      "end" : 2031,
      "text" : ",",
      "whiteSpace" : false
    }, {
      "id" : "s12-t20",
      "begin" : 2032,
      "end" : 2034,
      "text" : "na",
      "whiteSpace" : false
    }, {
      "id" : "s12-t21",
      "begin" : 2035,
      "end" : 2042,
      "text" : "Segunda",
      "whiteSpace" : false
    }, {
      "id" : "s12-t22",
      "begin" : 2042,
      "end" : 2043,
      "text" : ",",
      "whiteSpace" : false
    }, {
      "id" : "s12-t23",
      "begin" : 2044,
      "end" : 2049,
      "text" : "terça",
      "whiteSpace" : false
    }, {
      "id" : "s12-t24",
      "begin" : 2049,
      "end" : 2050,
      "text" : ",",
      "whiteSpace" : false
    }, {
      "id" : "s12-t25",
      "begin" : 2051,
      "end" : 2057,
      "text" : "quinta",
      "whiteSpace" : false
    }, {
      "id" : "s12-t26",
      "begin" : 2058,
      "end" : 2059,
      "text" : "e",
      "whiteSpace" : false
    }, {
      "id" : "s12-t27",
      "begin" : 2060,
      "end" : 2071,
      "text" : "sexta-feira",
      "whiteSpace" : false
    }, {
      "id" : "s12-t28",
      "begin" : 2071,
      "end" : 2072,
      "text" : ",",
      "whiteSpace" : false
    }, {
      "id" : "s12-t29",
      "begin" : 2073,
      "end" : 2076,
      "text" : "com",
      "whiteSpace" : false
    }, {
      "id" : "s12-t30",
      "begin" : 2077,
      "end" : 2086,
      "text" : "intervalo",
      "whiteSpace" : false
    }, {
      "id" : "s12-t31",
      "begin" : 2087,
      "end" : 2091,
      "text" : "para",
      "whiteSpace" : false
    }, {
      "id" : "s12-t32",
      "begin" : 2092,
      "end" : 2099,
      "text" : "repouso",
      "whiteSpace" : false
    }, {
      "id" : "s12-t33",
      "begin" : 2099,
      "end" : 2100,
      "text" : "/",
      "whiteSpace" : false
    }, {
      "id" : "s12-t34",
      "begin" : 2100,
      "end" : 2108,
      "text" : "refeição",
      "whiteSpace" : false
    }, {
      "id" : "s12-t35",
      "begin" : 2108,
      "end" : 2109,
      "text" : ",",
      "whiteSpace" : false
    }, {
      "id" : "s12-t36",
      "begin" : 2110,
      "end" : 2113,
      "text" : "das",
      "whiteSpace" : false
    }, {
      "id" : "s12-t37",
      "begin" : 2114,
      "end" : 2119,
      "text" : "14:00",
      "whiteSpace" : false
    }, {
      "id" : "s12-t38",
      "begin" : 2120,
      "end" : 2121,
      "text" : "a",
      "whiteSpace" : false
    }, {
      "id" : "s12-t39",
      "begin" : 2122,
      "end" : 2127,
      "text" : "14:00",
      "whiteSpace" : false
    }, {
      "id" : "s12-t40",
      "begin" : 2127,
      "end" : 2128,
      "text" : ",",
      "whiteSpace" : false
    }, {
      "id" : "s12-t41",
      "begin" : 2129,
      "end" : 2139,
      "text" : "perfazendo",
      "whiteSpace" : false
    }, {
      "id" : "s12-t42",
      "begin" : 2140,
      "end" : 2142,
      "text" : "um",
      "whiteSpace" : false
    }, {
      "id" : "s12-t43",
      "begin" : 2143,
      "end" : 2148,
      "text" : "total",
      "whiteSpace" : false
    }, {
      "id" : "s12-t44",
      "begin" : 2149,
      "end" : 2151,
      "text" : "de",
      "whiteSpace" : false
    }, {
      "id" : "s12-t45",
      "begin" : 2152,
      "end" : 2154,
      "text" : "32",
      "whiteSpace" : false
    }, {
      "id" : "s12-t46",
      "begin" : 2155,
      "end" : 2160,
      "text" : "horas",
      "whiteSpace" : false
    }, {
      "id" : "s12-t47",
      "begin" : 2161,
      "end" : 2169,
      "text" : "semanais",
      "whiteSpace" : false
    }, {
      "id" : "s12-t48",
      "begin" : 2169,
      "end" : 2170,
      "text" : ".",
      "whiteSpace" : false
    } ]
  }, {
    "id" : "s13",
    "begin" : 2174,
    "end" : 2188,
    "text" : "DA REMUNERAÇÃO",
    "tokens" : [ {
      "id" : "s13-t0",
      "begin" : 2174,
      "end" : 2176,
      "text" : "DA",
      "whiteSpace" : false
    }, {
      "id" : "s13-t1",
      "begin" : 2177,
      "end" : 2188,
      "text" : "REMUNERAÇÃO",
      "whiteSpace" : false
    } ]
  }, {
    "id" : "s14",
    "begin" : 2192,
    "end" : 2312,
    "text" : "Cláusula 6ª - O empregado receberá a quantia mensal de R$ oitocentos, efetuados os devidos descontos permitidos por lei.",
    "tokens" : [ {
      "id" : "s14-t0",
      "begin" : 2192,
      "end" : 2200,
      "text" : "Cláusula",
      "whiteSpace" : false
    }, {
      "id" : "s14-t1",
      "begin" : 2201,
      "end" : 2203,
      "text" : "6ª",
      "whiteSpace" : false
    }, {
      "id" : "s14-t2",
      "begin" : 2204,
      "end" : 2205,
      "text" : "-",
      "whiteSpace" : false
    }, {
      "id" : "s14-t3",
      "begin" : 2206,
      "end" : 2207,
      "text" : "O",
      "whiteSpace" : false
    }, {
      "id" : "s14-t4",
      "begin" : 2208,
      "end" : 2217,
      "text" : "empregado",
      "whiteSpace" : false
    }, {
      "id" : "s14-t5",
      "begin" : 2218,
      "end" : 2226,
      "text" : "receberá",
      "whiteSpace" : false
    }, {
      "id" : "s14-t6",
      "begin" : 2227,
      "end" : 2228,
      "text" : "a",
      "whiteSpace" : false
    }, {
      "id" : "s14-t7",
      "begin" : 2229,
      "end" : 2236,
      "text" : "quantia",
      "whiteSpace" : false
    }, {
      "id" : "s14-t8",
      "begin" : 2237,
      "end" : 2243,
      "text" : "mensal",
      "whiteSpace" : false
    }, {
      "id" : "s14-t9",
      "begin" : 2244,
      "end" : 2246,
      "text" : "de",
      "whiteSpace" : false
    }, {
      "id" : "s14-t10",
      "begin" : 2247,
      "end" : 2249,
      "text" : "R$",
      "whiteSpace" : false
    }, {
      "id" : "s14-t11",
      "begin" : 2250,
      "end" : 2260,
      "text" : "oitocentos",
      "whiteSpace" : false
    }, {
      "id" : "s14-t12",
      "begin" : 2260,
      "end" : 2261,
      "text" : ",",
      "whiteSpace" : false
    }, {
      "id" : "s14-t13",
      "begin" : 2262,
      "end" : 2271,
      "text" : "efetuados",
      "whiteSpace" : false
    }, {
      "id" : "s14-t14",
      "begin" : 2272,
      "end" : 2274,
      "text" : "os",
      "whiteSpace" : false
    }, {
      "id" : "s14-t15",
      "begin" : 2275,
      "end" : 2282,
      "text" : "devidos",
      "whiteSpace" : false
    }, {
      "id" : "s14-t16",
      "begin" : 2283,
      "end" : 2292,
      "text" : "descontos",
      "whiteSpace" : false
    }, {
      "id" : "s14-t17",
      "begin" : 2293,
      "end" : 2303,
      "text" : "permitidos",
      "whiteSpace" : false
    }, {
      "id" : "s14-t18",
      "begin" : 2304,
      "end" : 2307,
      "text" : "por",
      "whiteSpace" : false
    }, {
      "id" : "s14-t19",
      "begin" : 2308,
      "end" : 2311,
      "text" : "lei",
      "whiteSpace" : false
    }, {
      "id" : "s14-t20",
      "begin" : 2311,
      "end" : 2312,
      "text" : ".",
      "whiteSpace" : false
    } ]
  } ],
  "mentions" : [ {
    "id" : "s0-m1",
    "properties" : {
      "SIRE_MENTION_ROLE" : "EMPRESA",
      "SIRE_ENTITY_SUBTYPE" : "NONE",
      "SIRE_MENTION_TYPE" : "NONE",
      "SIRE_MENTION_CLASS" : "SPC"
    },
    "type" : "EMPRESA",
    "begin" : 12,
    "end" : 54,
    "inCoref" : true
  }, {
    "id" : "s0-m2",
    "properties" : {
      "SIRE_MENTION_ROLE" : "CIDADE",
      "SIRE_ENTITY_SUBTYPE" : "NONE",
      "SIRE_MENTION_TYPE" : "NONE",
      "SIRE_MENTION_CLASS" : "SPC"
    },
    "type" : "CIDADE",
    "begin" : 68,
    "end" : 76,
    "inCoref" : false
  }, {
    "id" : "s0-m3",
    "properties" : {
      "SIRE_MENTION_ROLE" : "ENDERECO",
      "SIRE_ENTITY_SUBTYPE" : "NONE",
      "SIRE_MENTION_TYPE" : "NONE",
      "SIRE_MENTION_CLASS" : "SPC"
    },
    "type" : "ENDERECO",
    "begin" : 81,
    "end" : 111,
    "inCoref" : false
  }, {
    "id" : "s0-m4",
    "properties" : {
      "SIRE_MENTION_ROLE" : "BAIRRO",
      "SIRE_ENTITY_SUBTYPE" : "NONE",
      "SIRE_MENTION_TYPE" : "NONE",
      "SIRE_MENTION_CLASS" : "SPC"
    },
    "type" : "BAIRRO",
    "begin" : 120,
    "end" : 138,
    "inCoref" : false
  }, {
    "id" : "s0-m5",
    "properties" : {
      "SIRE_MENTION_ROLE" : "CEP",
      "SIRE_ENTITY_SUBTYPE" : "NONE",
      "SIRE_MENTION_TYPE" : "NONE",
      "SIRE_MENTION_CLASS" : "SPC"
    },
    "type" : "CEP",
    "begin" : 144,
    "end" : 153,
    "inCoref" : false
  }, {
    "id" : "s0-m6",
    "properties" : {
      "SIRE_MENTION_ROLE" : "ESTADO",
      "SIRE_ENTITY_SUBTYPE" : "NONE",
      "SIRE_MENTION_TYPE" : "NONE",
      "SIRE_MENTION_CLASS" : "SPC"
    },
    "type" : "ESTADO",
    "begin" : 165,
    "end" : 179,
    "inCoref" : false
  }, {
    "id" : "s0-m7",
    "properties" : {
      "SIRE_MENTION_ROLE" : "CNPJ",
      "SIRE_ENTITY_SUBTYPE" : "NONE",
      "SIRE_MENTION_TYPE" : "NONE",
      "SIRE_MENTION_CLASS" : "SPC"
    },
    "type" : "CNPJ",
    "begin" : 207,
    "end" : 225,
    "inCoref" : false
  }, {
    "id" : "s0-m8",
    "properties" : {
      "SIRE_MENTION_ROLE" : "PARTE",
      "SIRE_ENTITY_SUBTYPE" : "NONE",
      "SIRE_MENTION_TYPE" : "NONE",
      "SIRE_MENTION_CLASS" : "SPC"
    },
    "type" : "PARTE",
    "begin" : 255,
    "end" : 272,
    "inCoref" : true
  }, {
    "id" : "s0-m9",
    "properties" : {
      "SIRE_MENTION_ROLE" : "PROFISSAO",
      "SIRE_ENTITY_SUBTYPE" : "NONE",
      "SIRE_MENTION_TYPE" : "NONE",
      "SIRE_MENTION_CLASS" : "SPC"
    },
    "type" : "PROFISSAO",
    "begin" : 280,
    "end" : 289,
    "inCoref" : false
  }, {
    "id" : "s0-m10",
    "properties" : {
      "SIRE_MENTION_ROLE" : "RG",
      "SIRE_ENTITY_SUBTYPE" : "NONE",
      "SIRE_MENTION_TYPE" : "NONE",
      "SIRE_MENTION_CLASS" : "SPC"
    },
    "type" : "RG",
    "begin" : 317,
    "end" : 329,
    "inCoref" : false
  }, {
    "id" : "s0-m11",
    "properties" : {
      "SIRE_MENTION_ROLE" : "CPF",
      "SIRE_ENTITY_SUBTYPE" : "NONE",
      "SIRE_MENTION_TYPE" : "NONE",
      "SIRE_MENTION_CLASS" : "SPC"
    },
    "type" : "CPF",
    "begin" : 338,
    "end" : 349,
    "inCoref" : false
  }, {
    "id" : "s0-m12",
    "properties" : {
      "SIRE_MENTION_ROLE" : "ENDERECO",
      "SIRE_ENTITY_SUBTYPE" : "NONE",
      "SIRE_MENTION_TYPE" : "NONE",
      "SIRE_MENTION_CLASS" : "SPC"
    },
    "type" : "ENDERECO",
    "begin" : 382,
    "end" : 408,
    "inCoref" : false
  }, {
    "id" : "s0-m13",
    "properties" : {
      "SIRE_MENTION_ROLE" : "BAIRRO",
      "SIRE_ENTITY_SUBTYPE" : "NONE",
      "SIRE_MENTION_TYPE" : "NONE",
      "SIRE_MENTION_CLASS" : "SPC"
    },
    "type" : "BAIRRO",
    "begin" : 417,
    "end" : 433,
    "inCoref" : false
  }, {
    "id" : "s0-m14",
    "properties" : {
      "SIRE_MENTION_ROLE" : "CEP",
      "SIRE_ENTITY_SUBTYPE" : "NONE",
      "SIRE_MENTION_TYPE" : "NONE",
      "SIRE_MENTION_CLASS" : "SPC"
    },
    "type" : "CEP",
    "begin" : 439,
    "end" : 448,
    "inCoref" : false
  }, {
    "id" : "s0-m15",
    "properties" : {
      "SIRE_MENTION_ROLE" : "CIDADE",
      "SIRE_ENTITY_SUBTYPE" : "NONE",
      "SIRE_MENTION_TYPE" : "NONE",
      "SIRE_MENTION_CLASS" : "SPC"
    },
    "type" : "CIDADE",
    "begin" : 457,
    "end" : 470,
    "inCoref" : false
  }, {
    "id" : "s0-m16",
    "properties" : {
      "SIRE_MENTION_ROLE" : "ESTADO",
      "SIRE_ENTITY_SUBTYPE" : "NONE",
      "SIRE_MENTION_TYPE" : "NONE",
      "SIRE_MENTION_CLASS" : "SPC"
    },
    "type" : "ESTADO",
    "begin" : 482,
    "end" : 484,
    "inCoref" : false
  }, {
    "id" : "s1-m1",
    "properties" : {
      "SIRE_MENTION_ROLE" : "PARTE",
      "SIRE_ENTITY_SUBTYPE" : "NONE",
      "SIRE_MENTION_TYPE" : "NONE",
      "SIRE_MENTION_CLASS" : "SPC"
    },
    "type" : "PARTE",
    "begin" : 507,
    "end" : 522,
    "inCoref" : true
  }, {
    "id" : "s1-m2",
    "properties" : {
      "SIRE_MENTION_ROLE" : "ESTADO_CIVIL",
      "SIRE_ENTITY_SUBTYPE" : "NONE",
      "SIRE_MENTION_TYPE" : "NONE",
      "SIRE_MENTION_CLASS" : "SPC"
    },
    "type" : "ESTADO_CIVIL",
    "begin" : 524,
    "end" : 532,
    "inCoref" : false
  }, {
    "id" : "s1-m3",
    "properties" : {
      "SIRE_MENTION_ROLE" : "ENDERECO",
      "SIRE_ENTITY_SUBTYPE" : "NONE",
      "SIRE_MENTION_TYPE" : "NONE",
      "SIRE_MENTION_CLASS" : "SPC"
    },
    "type" : "ENDERECO",
    "begin" : 565,
    "end" : 585,
    "inCoref" : false
  }, {
    "id" : "s1-m4",
    "properties" : {
      "SIRE_MENTION_ROLE" : "BAIRRO",
      "SIRE_ENTITY_SUBTYPE" : "NONE",
      "SIRE_MENTION_TYPE" : "NONE",
      "SIRE_MENTION_CLASS" : "SPC"
    },
    "type" : "BAIRRO",
    "begin" : 594,
    "end" : 605,
    "inCoref" : false
  }, {
    "id" : "s1-m5",
    "properties" : {
      "SIRE_MENTION_ROLE" : "CEP",
      "SIRE_ENTITY_SUBTYPE" : "NONE",
      "SIRE_MENTION_TYPE" : "NONE",
      "SIRE_MENTION_CLASS" : "SPC"
    },
    "type" : "CEP",
    "begin" : 614,
    "end" : 623,
    "inCoref" : false
  }, {
    "id" : "s1-m6",
    "properties" : {
      "SIRE_MENTION_ROLE" : "CIDADE",
      "SIRE_ENTITY_SUBTYPE" : "NONE",
      "SIRE_MENTION_TYPE" : "NONE",
      "SIRE_MENTION_CLASS" : "SPC"
    },
    "type" : "CIDADE",
    "begin" : 635,
    "end" : 643,
    "inCoref" : false
  }, {
    "id" : "s1-m7",
    "properties" : {
      "SIRE_MENTION_ROLE" : "ESTADO",
      "SIRE_ENTITY_SUBTYPE" : "NONE",
      "SIRE_MENTION_TYPE" : "NONE",
      "SIRE_MENTION_CLASS" : "SPC"
    },
    "type" : "ESTADO",
    "begin" : 657,
    "end" : 671,
    "inCoref" : false
  }, {
    "id" : "s1-m8",
    "properties" : {
      "SIRE_MENTION_ROLE" : "CPF",
      "SIRE_ENTITY_SUBTYPE" : "NONE",
      "SIRE_MENTION_TYPE" : "NONE",
      "SIRE_MENTION_CLASS" : "SPC"
    },
    "type" : "CPF",
    "begin" : 680,
    "end" : 694,
    "inCoref" : false
  }, {
    "id" : "s1-m9",
    "properties" : {
      "SIRE_MENTION_ROLE" : "RG",
      "SIRE_ENTITY_SUBTYPE" : "NONE",
      "SIRE_MENTION_TYPE" : "NONE",
      "SIRE_MENTION_CLASS" : "SPC"
    },
    "type" : "RG",
    "begin" : 699,
    "end" : 711,
    "inCoref" : false
  }, {
    "id" : "s1-m10",
    "properties" : {
      "SIRE_MENTION_ROLE" : "CTPS",
      "SIRE_ENTITY_SUBTYPE" : "NONE",
      "SIRE_MENTION_TYPE" : "NONE",
      "SIRE_MENTION_CLASS" : "SPC"
    },
    "type" : "CTPS",
    "begin" : 737,
    "end" : 752,
    "inCoref" : false
  }, {
    "id" : "s2-m1",
    "properties" : {
      "SIRE_MENTION_ROLE" : "PARTE",
      "SIRE_ENTITY_SUBTYPE" : "NONE",
      "SIRE_MENTION_TYPE" : "NONE",
      "SIRE_MENTION_CLASS" : "SPC"
    },
    "type" : "PARTE",
    "begin" : 760,
    "end" : 766,
    "inCoref" : false
  }, {
    "id" : "s6-m1",
    "properties" : {
      "SIRE_MENTION_ROLE" : "PARTE",
      "SIRE_ENTITY_SUBTYPE" : "NONE",
      "SIRE_MENTION_TYPE" : "NONE",
      "SIRE_MENTION_CLASS" : "SPC"
    },
    "type" : "PARTE",
    "begin" : 1133,
    "end" : 1143,
    "inCoref" : true
  }, {
    "id" : "s6-m2",
    "properties" : {
      "SIRE_MENTION_ROLE" : "PARTE",
      "SIRE_ENTITY_SUBTYPE" : "NONE",
      "SIRE_MENTION_TYPE" : "NONE",
      "SIRE_MENTION_CLASS" : "SPC"
    },
    "type" : "PARTE",
    "begin" : 1234,
    "end" : 1243,
    "inCoref" : true
  }, {
    "id" : "s6-m3",
    "properties" : {
      "SIRE_MENTION_ROLE" : "PROFISSAO",
      "SIRE_ENTITY_SUBTYPE" : "NONE",
      "SIRE_MENTION_TYPE" : "NONE",
      "SIRE_MENTION_CLASS" : "SPC"
    },
    "type" : "PROFISSAO",
    "begin" : 1258,
    "end" : 1269,
    "inCoref" : false
  }, {
    "id" : "s8-m1",
    "properties" : {
      "SIRE_MENTION_ROLE" : "EMPRESA",
      "SIRE_ENTITY_SUBTYPE" : "NONE",
      "SIRE_MENTION_TYPE" : "NONE",
      "SIRE_MENTION_CLASS" : "SPC"
    },
    "type" : "EMPRESA",
    "begin" : 1356,
    "end" : 1362,
    "inCoref" : true
  }, {
    "id" : "s8-m2",
    "properties" : {
      "SIRE_MENTION_ROLE" : "CIDADE",
      "SIRE_ENTITY_SUBTYPE" : "NONE",
      "SIRE_MENTION_TYPE" : "NONE",
      "SIRE_MENTION_CLASS" : "SPC"
    },
    "type" : "CIDADE",
    "begin" : 1388,
    "end" : 1402,
    "inCoref" : false
  }, {
    "id" : "s8-m3",
    "properties" : {
      "SIRE_MENTION_ROLE" : "PARTE",
      "SIRE_ENTITY_SUBTYPE" : "NONE",
      "SIRE_MENTION_TYPE" : "NONE",
      "SIRE_MENTION_CLASS" : "SPC"
    },
    "type" : "PARTE",
    "begin" : 1414,
    "end" : 1424,
    "inCoref" : true
  }, {
    "id" : "s8-m4",
    "properties" : {
      "SIRE_MENTION_ROLE" : "PARTE",
      "SIRE_ENTITY_SUBTYPE" : "NONE",
      "SIRE_MENTION_TYPE" : "NONE",
      "SIRE_MENTION_CLASS" : "SPC"
    },
    "type" : "PARTE",
    "begin" : 1459,
    "end" : 1468,
    "inCoref" : true
  }, {
    "id" : "s8-m5",
    "properties" : {
      "SIRE_MENTION_ROLE" : "EMPRESA",
      "SIRE_ENTITY_SUBTYPE" : "NONE",
      "SIRE_MENTION_TYPE" : "NONE",
      "SIRE_MENTION_CLASS" : "SPC"
    },
    "type" : "EMPRESA",
    "begin" : 1517,
    "end" : 1547,
    "inCoref" : true
  }, {
    "id" : "s8-m6",
    "properties" : {
      "SIRE_MENTION_ROLE" : "ESTADO",
      "SIRE_ENTITY_SUBTYPE" : "NONE",
      "SIRE_MENTION_TYPE" : "NONE",
      "SIRE_MENTION_CLASS" : "SPC"
    },
    "type" : "ESTADO",
    "begin" : 1572,
    "end" : 1577,
    "inCoref" : false
  }, {
    "id" : "s8-m7",
    "properties" : {
      "SIRE_MENTION_ROLE" : "ESTADO",
      "SIRE_ENTITY_SUBTYPE" : "NONE",
      "SIRE_MENTION_TYPE" : "NONE",
      "SIRE_MENTION_CLASS" : "SPC"
    },
    "type" : "ESTADO",
    "begin" : 1591,
    "end" : 1596,
    "inCoref" : false
  }, {
    "id" : "s10-m1",
    "properties" : {
      "SIRE_MENTION_ROLE" : "PARTE",
      "SIRE_ENTITY_SUBTYPE" : "NONE",
      "SIRE_MENTION_TYPE" : "NONE",
      "SIRE_MENTION_CLASS" : "SPC"
    },
    "type" : "PARTE",
    "begin" : 1747,
    "end" : 1753,
    "inCoref" : false
  }, {
    "id" : "s10-m2",
    "properties" : {
      "SIRE_MENTION_ROLE" : "PARTE",
      "SIRE_ENTITY_SUBTYPE" : "NONE",
      "SIRE_MENTION_TYPE" : "NONE",
      "SIRE_MENTION_CLASS" : "SPC"
    },
    "type" : "PARTE",
    "begin" : 1811,
    "end" : 1816,
    "inCoref" : false
  }, {
    "id" : "s10-m3",
    "properties" : {
      "SIRE_MENTION_ROLE" : "PARTE",
      "SIRE_ENTITY_SUBTYPE" : "NONE",
      "SIRE_MENTION_TYPE" : "NONE",
      "SIRE_MENTION_CLASS" : "SPC"
    },
    "type" : "PARTE",
    "begin" : 1854,
    "end" : 1859,
    "inCoref" : false
  }, {
    "id" : "s10-m4",
    "properties" : {
      "SIRE_MENTION_ROLE" : "PRAZO_DE_AVISO_PREVIO",
      "SIRE_ENTITY_SUBTYPE" : "NONE",
      "SIRE_MENTION_TYPE" : "NONE",
      "SIRE_MENTION_CLASS" : "SPC"
    },
    "type" : "PRAZO_DE_AVISO_PREVIO",
    "begin" : 1887,
    "end" : 1894,
    "inCoref" : false
  }, {
    "id" : "s12-m1",
    "properties" : {
      "SIRE_MENTION_ROLE" : "PARTE",
      "SIRE_ENTITY_SUBTYPE" : "NONE",
      "SIRE_MENTION_TYPE" : "NONE",
      "SIRE_MENTION_CLASS" : "SPC"
    },
    "type" : "PARTE",
    "begin" : 1965,
    "end" : 1974,
    "inCoref" : true
  }, {
    "id" : "s12-m2",
    "properties" : {
      "SIRE_MENTION_ROLE" : "CARGA_HORARIA",
      "SIRE_ENTITY_SUBTYPE" : "NONE",
      "SIRE_MENTION_TYPE" : "NONE",
      "SIRE_MENTION_CLASS" : "SPC"
    },
    "type" : "CARGA_HORARIA",
    "begin" : 1989,
    "end" : 2030,
    "inCoref" : false
  }, {
    "id" : "s12-m3",
    "properties" : {
      "SIRE_MENTION_ROLE" : "INTERVALO",
      "SIRE_ENTITY_SUBTYPE" : "NONE",
      "SIRE_MENTION_TYPE" : "NONE",
      "SIRE_MENTION_CLASS" : "SPC"
    },
    "type" : "INTERVALO",
    "begin" : 2114,
    "end" : 2127,
    "inCoref" : false
  }, {
    "id" : "s12-m4",
    "properties" : {
      "SIRE_MENTION_ROLE" : "CARGA_HORARIA",
      "SIRE_ENTITY_SUBTYPE" : "NONE",
      "SIRE_MENTION_TYPE" : "NONE",
      "SIRE_MENTION_CLASS" : "SPC"
    },
    "type" : "CARGA_HORARIA",
    "begin" : 2152,
    "end" : 2169,
    "inCoref" : false
  }, {
    "id" : "s14-m3",
    "properties" : {
      "SIRE_MENTION_ROLE" : "PARTE",
      "SIRE_ENTITY_SUBTYPE" : "NONE",
      "SIRE_MENTION_TYPE" : "NONE",
      "SIRE_MENTION_CLASS" : "SPC"
    },
    "type" : "PARTE",
    "begin" : 2208,
    "end" : 2217,
    "inCoref" : true
  }, {
    "id" : "s14-m2",
    "properties" : {
      "SIRE_MENTION_ROLE" : "FREQ_SALARIO",
      "SIRE_ENTITY_SUBTYPE" : "NONE",
      "SIRE_MENTION_TYPE" : "NONE",
      "SIRE_MENTION_CLASS" : "SPC"
    },
    "type" : "FREQ_SALARIO",
    "begin" : 2237,
    "end" : 2243,
    "inCoref" : false
  }, {
    "id" : "s14-m1",
    "properties" : {
      "SIRE_MENTION_ROLE" : "SALARIO",
      "SIRE_ENTITY_SUBTYPE" : "NONE",
      "SIRE_MENTION_TYPE" : "NONE",
      "SIRE_MENTION_CLASS" : "SPC"
    },
    "type" : "SALARIO",
    "begin" : 2247,
    "end" : 2260,
    "inCoref" : false
  } ],
  "relations" : [ {
    "id" : "s0-r1",
    "properties" : { },
    "type" : "localizadaEm",
    "args" : [ "s0-m1", "s0-m2" ]
  }, {
    "id" : "s0-r2",
    "properties" : { },
    "type" : "localizadaEm",
    "args" : [ "s0-m1", "s0-m3" ]
  }, {
    "id" : "s0-r3",
    "properties" : { },
    "type" : "localizadaEm",
    "args" : [ "s0-m1", "s0-m4" ]
  }, {
    "id" : "s0-r4",
    "properties" : { },
    "type" : "localizadaEm",
    "args" : [ "s0-m1", "s0-m5" ]
  }, {
    "id" : "s0-r5",
    "properties" : { },
    "type" : "localizadaEm",
    "args" : [ "s0-m1", "s0-m6" ]
  }, {
    "id" : "s0-r6",
    "properties" : { },
    "type" : "cnpjDe",
    "args" : [ "s0-m7", "s0-m1" ]
  }, {
    "id" : "s0-r7",
    "properties" : { },
    "type" : "representa",
    "args" : [ "s0-m8", "s0-m1" ]
  }, {
    "id" : "s0-r8",
    "properties" : { },
    "type" : "profissaoDe",
    "args" : [ "s0-m9", "s0-m8" ]
  }, {
    "id" : "s0-r9",
    "properties" : { },
    "type" : "documentoDe",
    "args" : [ "s0-m10", "s0-m8" ]
  }, {
    "id" : "s0-r10",
    "properties" : { },
    "type" : "documentoDe",
    "args" : [ "s0-m11", "s0-m8" ]
  }, {
    "id" : "s0-r11",
    "properties" : { },
    "type" : "residenteDe",
    "args" : [ "s0-m8", "s0-m12" ]
  }, {
    "id" : "s0-r12",
    "properties" : { },
    "type" : "residenteDe",
    "args" : [ "s0-m8", "s0-m13" ]
  }, {
    "id" : "s0-r13",
    "properties" : { },
    "type" : "residenteDe",
    "args" : [ "s0-m8", "s0-m14" ]
  }, {
    "id" : "s0-r14",
    "properties" : { },
    "type" : "residenteDe",
    "args" : [ "s0-m8", "s0-m15" ]
  }, {
    "id" : "s0-r15",
    "properties" : { },
    "type" : "residenteDe",
    "args" : [ "s0-m8", "s0-m16" ]
  }, {
    "id" : "s1-r1",
    "properties" : { },
    "type" : "situacaoCivilDe",
    "args" : [ "s1-m2", "s1-m1" ]
  }, {
    "id" : "s1-r2",
    "properties" : { },
    "type" : "residenteDe",
    "args" : [ "s1-m1", "s1-m3" ]
  }, {
    "id" : "s1-r3",
    "properties" : { },
    "type" : "residenteDe",
    "args" : [ "s1-m1", "s1-m4" ]
  }, {
    "id" : "s1-r4",
    "properties" : { },
    "type" : "residenteDe",
    "args" : [ "s1-m1", "s1-m5" ]
  }, {
    "id" : "s1-r5",
    "properties" : { },
    "type" : "residenteDe",
    "args" : [ "s1-m1", "s1-m6" ]
  }, {
    "id" : "s1-r6",
    "properties" : { },
    "type" : "residenteDe",
    "args" : [ "s1-m1", "s1-m7" ]
  }, {
    "id" : "s1-r7",
    "properties" : { },
    "type" : "documentoDe",
    "args" : [ "s1-m8", "s1-m1" ]
  }, {
    "id" : "s1-r8",
    "properties" : { },
    "type" : "documentoDe",
    "args" : [ "s1-m9", "s1-m1" ]
  }, {
    "id" : "s1-r9",
    "properties" : { },
    "type" : "documentoDe",
    "args" : [ "s1-m10", "s1-m1" ]
  }, {
    "id" : "s6-r1",
    "properties" : { },
    "type" : "profissaoDe",
    "args" : [ "s6-m3", "s6-m2" ]
  }, {
    "id" : "s8-r1",
    "properties" : { },
    "type" : "localizadaEm",
    "args" : [ "s8-m1", "s8-m2" ]
  }, {
    "id" : "s8-r2",
    "properties" : { },
    "type" : "localizadaEm",
    "args" : [ "s8-m5", "s8-m2" ]
  }, {
    "id" : "s8-r3",
    "properties" : { },
    "type" : "empregadoDe",
    "args" : [ "s8-m4", "s8-m5" ]
  }, {
    "id" : "s8-r4",
    "properties" : { },
    "type" : "representa",
    "args" : [ "s8-m3", "s8-m5" ]
  }, {
    "id" : "s8-r5",
    "properties" : { },
    "type" : "localizadaEm",
    "args" : [ "s8-m5", "s8-m7" ]
  }, {
    "id" : "s8-r6",
    "properties" : { },
    "type" : "localizadaEm",
    "args" : [ "s8-m5", "s8-m6" ]
  }, {
    "id" : "s14-r1",
    "properties" : { },
    "type" : "pagamento",
    "args" : [ "s14-m1", "s14-m2" ]
  } ],
  "corefs" : [ {
    "id" : "c3",
    "properties" : { },
    "mentions" : [ "s0-m1", "s8-m1", "s8-m5" ]
  }, {
    "id" : "c4",
    "properties" : { },
    "mentions" : [ "s6-m1", "s0-m8", "s8-m3" ]
  }, {
    "id" : "c5",
    "properties" : { },
    "mentions" : [ "s1-m1", "s6-m2", "s8-m4", "s12-m1", "s14-m3" ]
  } ],
  "typeResolved" : true,
  "userResolved" : false
}