{
  "id" : "e261bfe0-f8a5-11e9-a827-95123b186854-2",
  "name" : "doc3.txt",
  "createdDate" : 0,
  "version" : 3,
  "text" : "Empregador: Yago e Analu Publicidade e Propaganda Ltda, empresa do estado de RJ, com sede em Porto Velho, endereço Avenida Contorno 440, bairro Congós, CEP 213213433, inscrita sob CNPJ 81.226.718/0001-00, neste ato representado pelo Sr. Bofgia Zyoir, RG 41.322.916-6, CPF nº 67007843018, residente no endereço Avenida Prefeito Rolando Moreira 336, bairro Congós, CEP 77693-970, cidade Florianópolis, no estado Acre;\r\n\r\nEmpregado Bofgia Zyoir, padeiro, Viúvo(a), morador de Porto Velho, com residência no bairro Pe Pequeno, rua Rua Coimbra, no estado de Santa Catarina. Possui carteira de identidade número 22.861.450-8, cpf 58163450010, e CTPS 029384 série 00454-SP.\r\n\r\nAs partes identificadas acima celebram entre si o presente contrato de trabalho por prazo indeterminado, regido pelas cláusulas seguintes e demais disposições legais vigentes:\r\n\r\n\r\n\r\nDAS DISPOSIÇÕES LEGAIS\r\n\r\nCláusula 1ª – O presente contrato de trabalho por prazo indeterminado tem como fundamento a Consolidação das Leis do Trabalho (CLT).\r\n\r\nDO OBJETIVO\r\n\r\nCláusula 2ª - O empregador admite aos seus serviços, na modalidade de contrato de trabalho por tempo indeterminado o empregado, na função de técnico de TI.\r\n\r\nDO LOCAL E DAS CONDIÇÕES DE TRABALHO\r\n\r\nCláusula 3º - O local de trabalho será na filial da empresa localizada em Campinas, podendo o empregador, a qualquer momento, transferir o empregado em caráter definitivo ou temporário, para outra unidade/filial/estabelecimento, em qualquer localidade deste Estado ou de outro dentro do país.\r\n\r\nDA JORNADA DE TRABALHO\r\n\r\nCláusula 4ª – O trabalho executado pelo empregado consistirá na jornada diária de 7 horas de 10:00 a 19:00, na Segunda a sexta, com intervalo para repouso/refeição, das 14:00 a 14:00, perfazendo um total de 35 horas semanais.\r\n\r\nDA REMUNERAÇÃO\r\n\r\nCláusula 5ª - O empregado receberá a quantia diária de oitocentos reais, efetuados os devidos descontos permitidos por lei.\r\n\r\nDA VIGÊNCIA DO CONTRATO DE TRABALHO\r\n\r\nCláusula 6º - O presente contrato terá duração por prazo indeterminado, sendo assegurado às partes o direito de rescisão a qualquer momento, obrigando-se a parte que desejar rescindi-lo, comunicar a outra com aviso-prévio mínimo de 13 dias.",
  "docLength" : 0,
  "language" : "PT",
  "status" : "IN_PROGRESS",
  "modifiedDate" : 1572208166877,
  "documentSet" : [ ],
  "preannotation" : [ ],
  "sentences" : [ {
    "id" : "s0",
    "begin" : 0,
    "end" : 415,
    "text" : "Empregador: Yago e Analu Publicidade e Propaganda Ltda, empresa do estado de RJ, com sede em Porto Velho, endereço Avenida Contorno 440, bairro Congós, CEP 213213433, inscrita sob CNPJ 81.226.718/0001-00, neste ato representado pelo Sr. Bofgia Zyoir, RG 41.322.916-6, CPF nº 67007843018, residente no endereço Avenida Prefeito Rolando Moreira 336, bairro Congós, CEP 77693-970, cidade Florianópolis, no estado Acre;",
    "tokens" : [ {
      "id" : "s0-t0",
      "begin" : 0,
      "end" : 10,
      "text" : "Empregador",
      "whiteSpace" : false
    }, {
      "id" : "s0-t1",
      "begin" : 10,
      "end" : 11,
      "text" : ":",
      "whiteSpace" : false
    }, {
      "id" : "s0-t2",
      "begin" : 12,
      "end" : 16,
      "text" : "Yago",
      "whiteSpace" : false
    }, {
      "id" : "s0-t3",
      "begin" : 17,
      "end" : 18,
      "text" : "e",
      "whiteSpace" : false
    }, {
      "id" : "s0-t4",
      "begin" : 19,
      "end" : 24,
      "text" : "Analu",
      "whiteSpace" : false
    }, {
      "id" : "s0-t5",
      "begin" : 25,
      "end" : 36,
      "text" : "Publicidade",
      "whiteSpace" : false
    }, {
      "id" : "s0-t6",
      "begin" : 37,
      "end" : 38,
      "text" : "e",
      "whiteSpace" : false
    }, {
      "id" : "s0-t7",
      "begin" : 39,
      "end" : 49,
      "text" : "Propaganda",
      "whiteSpace" : false
    }, {
      "id" : "s0-t8",
      "begin" : 50,
      "end" : 54,
      "text" : "Ltda",
      "whiteSpace" : false
    }, {
      "id" : "s0-t9",
      "begin" : 54,
      "end" : 55,
      "text" : ",",
      "whiteSpace" : false
    }, {
      "id" : "s0-t10",
      "begin" : 56,
      "end" : 63,
      "text" : "empresa",
      "whiteSpace" : false
    }, {
      "id" : "s0-t11",
      "begin" : 64,
      "end" : 66,
      "text" : "do",
      "whiteSpace" : false
    }, {
      "id" : "s0-t12",
      "begin" : 67,
      "end" : 73,
      "text" : "estado",
      "whiteSpace" : false
    }, {
      "id" : "s0-t13",
      "begin" : 74,
      "end" : 76,
      "text" : "de",
      "whiteSpace" : false
    }, {
      "id" : "s0-t14",
      "begin" : 77,
      "end" : 79,
      "text" : "RJ",
      "whiteSpace" : false
    }, {
      "id" : "s0-t15",
      "begin" : 79,
      "end" : 80,
      "text" : ",",
      "whiteSpace" : false
    }, {
      "id" : "s0-t16",
      "begin" : 81,
      "end" : 84,
      "text" : "com",
      "whiteSpace" : false
    }, {
      "id" : "s0-t17",
      "begin" : 85,
      "end" : 89,
      "text" : "sede",
      "whiteSpace" : false
    }, {
      "id" : "s0-t18",
      "begin" : 90,
      "end" : 92,
      "text" : "em",
      "whiteSpace" : false
    }, {
      "id" : "s0-t19",
      "begin" : 93,
      "end" : 98,
      "text" : "Porto",
      "whiteSpace" : false
    }, {
      "id" : "s0-t20",
      "begin" : 99,
      "end" : 104,
      "text" : "Velho",
      "whiteSpace" : false
    }, {
      "id" : "s0-t21",
      "begin" : 104,
      "end" : 105,
      "text" : ",",
      "whiteSpace" : false
    }, {
      "id" : "s0-t22",
      "begin" : 106,
      "end" : 114,
      "text" : "endereço",
      "whiteSpace" : false
    }, {
      "id" : "s0-t23",
      "begin" : 115,
      "end" : 122,
      "text" : "Avenida",
      "whiteSpace" : false
    }, {
      "id" : "s0-t24",
      "begin" : 123,
      "end" : 131,
      "text" : "Contorno",
      "whiteSpace" : false
    }, {
      "id" : "s0-t25",
      "begin" : 132,
      "end" : 135,
      "text" : "440",
      "whiteSpace" : false
    }, {
      "id" : "s0-t26",
      "begin" : 135,
      "end" : 136,
      "text" : ",",
      "whiteSpace" : false
    }, {
      "id" : "s0-t27",
      "begin" : 137,
      "end" : 143,
      "text" : "bairro",
      "whiteSpace" : false
    }, {
      "id" : "s0-t28",
      "begin" : 144,
      "end" : 150,
      "text" : "Congós",
      "whiteSpace" : false
    }, {
      "id" : "s0-t29",
      "begin" : 150,
      "end" : 151,
      "text" : ",",
      "whiteSpace" : false
    }, {
      "id" : "s0-t30",
      "begin" : 152,
      "end" : 155,
      "text" : "CEP",
      "whiteSpace" : false
    }, {
      "id" : "s0-t31",
      "begin" : 156,
      "end" : 165,
      "text" : "213213433",
      "whiteSpace" : false
    }, {
      "id" : "s0-t32",
      "begin" : 165,
      "end" : 166,
      "text" : ",",
      "whiteSpace" : false
    }, {
      "id" : "s0-t33",
      "begin" : 167,
      "end" : 175,
      "text" : "inscrita",
      "whiteSpace" : false
    }, {
      "id" : "s0-t34",
      "begin" : 176,
      "end" : 179,
      "text" : "sob",
      "whiteSpace" : false
    }, {
      "id" : "s0-t35",
      "begin" : 180,
      "end" : 184,
      "text" : "CNPJ",
      "whiteSpace" : false
    }, {
      "id" : "s0-t36",
      "begin" : 185,
      "end" : 204,
      "text" : "81.226.718/0001-00,",
      "whiteSpace" : false
    }, {
      "id" : "s0-t37",
      "begin" : 205,
      "end" : 210,
      "text" : "neste",
      "whiteSpace" : false
    }, {
      "id" : "s0-t38",
      "begin" : 211,
      "end" : 214,
      "text" : "ato",
      "whiteSpace" : false
    }, {
      "id" : "s0-t39",
      "begin" : 215,
      "end" : 227,
      "text" : "representado",
      "whiteSpace" : false
    }, {
      "id" : "s0-t40",
      "begin" : 228,
      "end" : 232,
      "text" : "pelo",
      "whiteSpace" : false
    }, {
      "id" : "s0-t41",
      "begin" : 233,
      "end" : 236,
      "text" : "Sr.",
      "whiteSpace" : false
    }, {
      "id" : "s0-t42",
      "begin" : 237,
      "end" : 243,
      "text" : "Bofgia",
      "whiteSpace" : false
    }, {
      "id" : "s0-t43",
      "begin" : 244,
      "end" : 249,
      "text" : "Zyoir",
      "whiteSpace" : false
    }, {
      "id" : "s0-t44",
      "begin" : 249,
      "end" : 250,
      "text" : ",",
      "whiteSpace" : false
    }, {
      "id" : "s0-t45",
      "begin" : 251,
      "end" : 253,
      "text" : "RG",
      "whiteSpace" : false
    }, {
      "id" : "s0-t46",
      "begin" : 254,
      "end" : 266,
      "text" : "41.322.916-6",
      "whiteSpace" : false
    }, {
      "id" : "s0-t47",
      "begin" : 266,
      "end" : 267,
      "text" : ",",
      "whiteSpace" : false
    }, {
      "id" : "s0-t48",
      "begin" : 268,
      "end" : 271,
      "text" : "CPF",
      "whiteSpace" : false
    }, {
      "id" : "s0-t49",
      "begin" : 272,
      "end" : 274,
      "text" : "nº",
      "whiteSpace" : false
    }, {
      "id" : "s0-t50",
      "begin" : 275,
      "end" : 286,
      "text" : "67007843018",
      "whiteSpace" : false
    }, {
      "id" : "s0-t51",
      "begin" : 286,
      "end" : 287,
      "text" : ",",
      "whiteSpace" : false
    }, {
      "id" : "s0-t52",
      "begin" : 288,
      "end" : 297,
      "text" : "residente",
      "whiteSpace" : false
    }, {
      "id" : "s0-t53",
      "begin" : 298,
      "end" : 300,
      "text" : "no",
      "whiteSpace" : false
    }, {
      "id" : "s0-t54",
      "begin" : 301,
      "end" : 309,
      "text" : "endereço",
      "whiteSpace" : false
    }, {
      "id" : "s0-t55",
      "begin" : 310,
      "end" : 317,
      "text" : "Avenida",
      "whiteSpace" : false
    }, {
      "id" : "s0-t56",
      "begin" : 318,
      "end" : 326,
      "text" : "Prefeito",
      "whiteSpace" : false
    }, {
      "id" : "s0-t57",
      "begin" : 327,
      "end" : 334,
      "text" : "Rolando",
      "whiteSpace" : false
    }, {
      "id" : "s0-t58",
      "begin" : 335,
      "end" : 342,
      "text" : "Moreira",
      "whiteSpace" : false
    }, {
      "id" : "s0-t59",
      "begin" : 343,
      "end" : 346,
      "text" : "336",
      "whiteSpace" : false
    }, {
      "id" : "s0-t60",
      "begin" : 346,
      "end" : 347,
      "text" : ",",
      "whiteSpace" : false
    }, {
      "id" : "s0-t61",
      "begin" : 348,
      "end" : 354,
      "text" : "bairro",
      "whiteSpace" : false
    }, {
      "id" : "s0-t62",
      "begin" : 355,
      "end" : 361,
      "text" : "Congós",
      "whiteSpace" : false
    }, {
      "id" : "s0-t63",
      "begin" : 361,
      "end" : 362,
      "text" : ",",
      "whiteSpace" : false
    }, {
      "id" : "s0-t64",
      "begin" : 363,
      "end" : 366,
      "text" : "CEP",
      "whiteSpace" : false
    }, {
      "id" : "s0-t65",
      "begin" : 367,
      "end" : 376,
      "text" : "77693-970",
      "whiteSpace" : false
    }, {
      "id" : "s0-t66",
      "begin" : 376,
      "end" : 377,
      "text" : ",",
      "whiteSpace" : false
    }, {
      "id" : "s0-t67",
      "begin" : 378,
      "end" : 384,
      "text" : "cidade",
      "whiteSpace" : false
    }, {
      "id" : "s0-t68",
      "begin" : 385,
      "end" : 398,
      "text" : "Florianópolis",
      "whiteSpace" : false
    }, {
      "id" : "s0-t69",
      "begin" : 398,
      "end" : 399,
      "text" : ",",
      "whiteSpace" : false
    }, {
      "id" : "s0-t70",
      "begin" : 400,
      "end" : 402,
      "text" : "no",
      "whiteSpace" : false
    }, {
      "id" : "s0-t71",
      "begin" : 403,
      "end" : 409,
      "text" : "estado",
      "whiteSpace" : false
    }, {
      "id" : "s0-t72",
      "begin" : 410,
      "end" : 414,
      "text" : "Acre",
      "whiteSpace" : false
    }, {
      "id" : "s0-t73",
      "begin" : 414,
      "end" : 415,
      "text" : ";",
      "whiteSpace" : false
    } ]
  }, {
    "id" : "s1",
    "begin" : 419,
    "end" : 568,
    "text" : "Empregado Bofgia Zyoir, padeiro, Viúvo(a), morador de Porto Velho, com residência no bairro Pe Pequeno, rua Rua Coimbra, no estado de Santa Catarina.",
    "tokens" : [ {
      "id" : "s1-t0",
      "begin" : 419,
      "end" : 428,
      "text" : "Empregado",
      "whiteSpace" : false
    }, {
      "id" : "s1-t1",
      "begin" : 429,
      "end" : 435,
      "text" : "Bofgia",
      "whiteSpace" : false
    }, {
      "id" : "s1-t2",
      "begin" : 436,
      "end" : 441,
      "text" : "Zyoir",
      "whiteSpace" : false
    }, {
      "id" : "s1-t3",
      "begin" : 441,
      "end" : 442,
      "text" : ",",
      "whiteSpace" : false
    }, {
      "id" : "s1-t4",
      "begin" : 443,
      "end" : 450,
      "text" : "padeiro",
      "whiteSpace" : false
    }, {
      "id" : "s1-t5",
      "begin" : 450,
      "end" : 451,
      "text" : ",",
      "whiteSpace" : false
    }, {
      "id" : "s1-t6",
      "begin" : 452,
      "end" : 457,
      "text" : "Viúvo",
      "whiteSpace" : false
    }, {
      "id" : "s1-t7",
      "begin" : 457,
      "end" : 458,
      "text" : "(",
      "whiteSpace" : false
    }, {
      "id" : "s1-t8",
      "begin" : 458,
      "end" : 459,
      "text" : "a",
      "whiteSpace" : false
    }, {
      "id" : "s1-t9",
      "begin" : 459,
      "end" : 460,
      "text" : ")",
      "whiteSpace" : false
    }, {
      "id" : "s1-t10",
      "begin" : 460,
      "end" : 461,
      "text" : ",",
      "whiteSpace" : false
    }, {
      "id" : "s1-t11",
      "begin" : 462,
      "end" : 469,
      "text" : "morador",
      "whiteSpace" : false
    }, {
      "id" : "s1-t12",
      "begin" : 470,
      "end" : 472,
      "text" : "de",
      "whiteSpace" : false
    }, {
      "id" : "s1-t13",
      "begin" : 473,
      "end" : 478,
      "text" : "Porto",
      "whiteSpace" : false
    }, {
      "id" : "s1-t14",
      "begin" : 479,
      "end" : 484,
      "text" : "Velho",
      "whiteSpace" : false
    }, {
      "id" : "s1-t15",
      "begin" : 484,
      "end" : 485,
      "text" : ",",
      "whiteSpace" : false
    }, {
      "id" : "s1-t16",
      "begin" : 486,
      "end" : 489,
      "text" : "com",
      "whiteSpace" : false
    }, {
      "id" : "s1-t17",
      "begin" : 490,
      "end" : 500,
      "text" : "residência",
      "whiteSpace" : false
    }, {
      "id" : "s1-t18",
      "begin" : 501,
      "end" : 503,
      "text" : "no",
      "whiteSpace" : false
    }, {
      "id" : "s1-t19",
      "begin" : 504,
      "end" : 510,
      "text" : "bairro",
      "whiteSpace" : false
    }, {
      "id" : "s1-t20",
      "begin" : 511,
      "end" : 513,
      "text" : "Pe",
      "whiteSpace" : false
    }, {
      "id" : "s1-t21",
      "begin" : 514,
      "end" : 521,
      "text" : "Pequeno",
      "whiteSpace" : false
    }, {
      "id" : "s1-t22",
      "begin" : 521,
      "end" : 522,
      "text" : ",",
      "whiteSpace" : false
    }, {
      "id" : "s1-t23",
      "begin" : 523,
      "end" : 526,
      "text" : "rua",
      "whiteSpace" : false
    }, {
      "id" : "s1-t24",
      "begin" : 527,
      "end" : 530,
      "text" : "Rua",
      "whiteSpace" : false
    }, {
      "id" : "s1-t25",
      "begin" : 531,
      "end" : 538,
      "text" : "Coimbra",
      "whiteSpace" : false
    }, {
      "id" : "s1-t26",
      "begin" : 538,
      "end" : 539,
      "text" : ",",
      "whiteSpace" : false
    }, {
      "id" : "s1-t27",
      "begin" : 540,
      "end" : 542,
      "text" : "no",
      "whiteSpace" : false
    }, {
      "id" : "s1-t28",
      "begin" : 543,
      "end" : 549,
      "text" : "estado",
      "whiteSpace" : false
    }, {
      "id" : "s1-t29",
      "begin" : 550,
      "end" : 552,
      "text" : "de",
      "whiteSpace" : false
    }, {
      "id" : "s1-t30",
      "begin" : 553,
      "end" : 558,
      "text" : "Santa",
      "whiteSpace" : false
    }, {
      "id" : "s1-t31",
      "begin" : 559,
      "end" : 567,
      "text" : "Catarina",
      "whiteSpace" : false
    }, {
      "id" : "s1-t32",
      "begin" : 567,
      "end" : 568,
      "text" : ".",
      "whiteSpace" : false
    } ]
  }, {
    "id" : "s2",
    "begin" : 569,
    "end" : 666,
    "text" : "Possui carteira de identidade número 22.861.450-8, cpf 58163450010, e CTPS 029384 série 00454-SP.",
    "tokens" : [ {
      "id" : "s2-t0",
      "begin" : 569,
      "end" : 575,
      "text" : "Possui",
      "whiteSpace" : false
    }, {
      "id" : "s2-t1",
      "begin" : 576,
      "end" : 584,
      "text" : "carteira",
      "whiteSpace" : false
    }, {
      "id" : "s2-t2",
      "begin" : 585,
      "end" : 587,
      "text" : "de",
      "whiteSpace" : false
    }, {
      "id" : "s2-t3",
      "begin" : 588,
      "end" : 598,
      "text" : "identidade",
      "whiteSpace" : false
    }, {
      "id" : "s2-t4",
      "begin" : 599,
      "end" : 605,
      "text" : "número",
      "whiteSpace" : false
    }, {
      "id" : "s2-t5",
      "begin" : 606,
      "end" : 618,
      "text" : "22.861.450-8",
      "whiteSpace" : false
    }, {
      "id" : "s2-t6",
      "begin" : 618,
      "end" : 619,
      "text" : ",",
      "whiteSpace" : false
    }, {
      "id" : "s2-t7",
      "begin" : 620,
      "end" : 623,
      "text" : "cpf",
      "whiteSpace" : false
    }, {
      "id" : "s2-t8",
      "begin" : 624,
      "end" : 635,
      "text" : "58163450010",
      "whiteSpace" : false
    }, {
      "id" : "s2-t9",
      "begin" : 635,
      "end" : 636,
      "text" : ",",
      "whiteSpace" : false
    }, {
      "id" : "s2-t10",
      "begin" : 637,
      "end" : 638,
      "text" : "e",
      "whiteSpace" : false
    }, {
      "id" : "s2-t11",
      "begin" : 639,
      "end" : 643,
      "text" : "CTPS",
      "whiteSpace" : false
    }, {
      "id" : "s2-t12",
      "begin" : 644,
      "end" : 650,
      "text" : "029384",
      "whiteSpace" : false
    }, {
      "id" : "s2-t13",
      "begin" : 651,
      "end" : 656,
      "text" : "série",
      "whiteSpace" : false
    }, {
      "id" : "s2-t14",
      "begin" : 657,
      "end" : 665,
      "text" : "00454-SP",
      "whiteSpace" : false
    }, {
      "id" : "s2-t15",
      "begin" : 665,
      "end" : 666,
      "text" : ".",
      "whiteSpace" : false
    } ]
  }, {
    "id" : "s3",
    "begin" : 670,
    "end" : 845,
    "text" : "As partes identificadas acima celebram entre si o presente contrato de trabalho por prazo indeterminado, regido pelas cláusulas seguintes e demais disposições legais vigentes:",
    "tokens" : [ {
      "id" : "s3-t0",
      "begin" : 670,
      "end" : 672,
      "text" : "As",
      "whiteSpace" : false
    }, {
      "id" : "s3-t1",
      "begin" : 673,
      "end" : 679,
      "text" : "partes",
      "whiteSpace" : false
    }, {
      "id" : "s3-t2",
      "begin" : 680,
      "end" : 693,
      "text" : "identificadas",
      "whiteSpace" : false
    }, {
      "id" : "s3-t3",
      "begin" : 694,
      "end" : 699,
      "text" : "acima",
      "whiteSpace" : false
    }, {
      "id" : "s3-t4",
      "begin" : 700,
      "end" : 708,
      "text" : "celebram",
      "whiteSpace" : false
    }, {
      "id" : "s3-t5",
      "begin" : 709,
      "end" : 714,
      "text" : "entre",
      "whiteSpace" : false
    }, {
      "id" : "s3-t6",
      "begin" : 715,
      "end" : 717,
      "text" : "si",
      "whiteSpace" : false
    }, {
      "id" : "s3-t7",
      "begin" : 718,
      "end" : 719,
      "text" : "o",
      "whiteSpace" : false
    }, {
      "id" : "s3-t8",
      "begin" : 720,
      "end" : 728,
      "text" : "presente",
      "whiteSpace" : false
    }, {
      "id" : "s3-t9",
      "begin" : 729,
      "end" : 737,
      "text" : "contrato",
      "whiteSpace" : false
    }, {
      "id" : "s3-t10",
      "begin" : 738,
      "end" : 740,
      "text" : "de",
      "whiteSpace" : false
    }, {
      "id" : "s3-t11",
      "begin" : 741,
      "end" : 749,
      "text" : "trabalho",
      "whiteSpace" : false
    }, {
      "id" : "s3-t12",
      "begin" : 750,
      "end" : 753,
      "text" : "por",
      "whiteSpace" : false
    }, {
      "id" : "s3-t13",
      "begin" : 754,
      "end" : 759,
      "text" : "prazo",
      "whiteSpace" : false
    }, {
      "id" : "s3-t14",
      "begin" : 760,
      "end" : 773,
      "text" : "indeterminado",
      "whiteSpace" : false
    }, {
      "id" : "s3-t15",
      "begin" : 773,
      "end" : 774,
      "text" : ",",
      "whiteSpace" : false
    }, {
      "id" : "s3-t16",
      "begin" : 775,
      "end" : 781,
      "text" : "regido",
      "whiteSpace" : false
    }, {
      "id" : "s3-t17",
      "begin" : 782,
      "end" : 787,
      "text" : "pelas",
      "whiteSpace" : false
    }, {
      "id" : "s3-t18",
      "begin" : 788,
      "end" : 797,
      "text" : "cláusulas",
      "whiteSpace" : false
    }, {
      "id" : "s3-t19",
      "begin" : 798,
      "end" : 807,
      "text" : "seguintes",
      "whiteSpace" : false
    }, {
      "id" : "s3-t20",
      "begin" : 808,
      "end" : 809,
      "text" : "e",
      "whiteSpace" : false
    }, {
      "id" : "s3-t21",
      "begin" : 810,
      "end" : 816,
      "text" : "demais",
      "whiteSpace" : false
    }, {
      "id" : "s3-t22",
      "begin" : 817,
      "end" : 828,
      "text" : "disposições",
      "whiteSpace" : false
    }, {
      "id" : "s3-t23",
      "begin" : 829,
      "end" : 835,
      "text" : "legais",
      "whiteSpace" : false
    }, {
      "id" : "s3-t24",
      "begin" : 836,
      "end" : 844,
      "text" : "vigentes",
      "whiteSpace" : false
    }, {
      "id" : "s3-t25",
      "begin" : 844,
      "end" : 845,
      "text" : ":",
      "whiteSpace" : false
    } ]
  }, {
    "id" : "s4",
    "begin" : 853,
    "end" : 875,
    "text" : "DAS DISPOSIÇÕES LEGAIS",
    "tokens" : [ {
      "id" : "s4-t0",
      "begin" : 853,
      "end" : 856,
      "text" : "DAS",
      "whiteSpace" : false
    }, {
      "id" : "s4-t1",
      "begin" : 857,
      "end" : 868,
      "text" : "DISPOSIÇÕES",
      "whiteSpace" : false
    }, {
      "id" : "s4-t2",
      "begin" : 869,
      "end" : 875,
      "text" : "LEGAIS",
      "whiteSpace" : false
    } ]
  }, {
    "id" : "s5",
    "begin" : 879,
    "end" : 1011,
    "text" : "Cláusula 1ª – O presente contrato de trabalho por prazo indeterminado tem como fundamento a Consolidação das Leis do Trabalho (CLT).",
    "tokens" : [ {
      "id" : "s5-t0",
      "begin" : 879,
      "end" : 887,
      "text" : "Cláusula",
      "whiteSpace" : false
    }, {
      "id" : "s5-t1",
      "begin" : 888,
      "end" : 890,
      "text" : "1ª",
      "whiteSpace" : false
    }, {
      "id" : "s5-t2",
      "begin" : 891,
      "end" : 892,
      "text" : "–",
      "whiteSpace" : false
    }, {
      "id" : "s5-t3",
      "begin" : 893,
      "end" : 894,
      "text" : "O",
      "whiteSpace" : false
    }, {
      "id" : "s5-t4",
      "begin" : 895,
      "end" : 903,
      "text" : "presente",
      "whiteSpace" : false
    }, {
      "id" : "s5-t5",
      "begin" : 904,
      "end" : 912,
      "text" : "contrato",
      "whiteSpace" : false
    }, {
      "id" : "s5-t6",
      "begin" : 913,
      "end" : 915,
      "text" : "de",
      "whiteSpace" : false
    }, {
      "id" : "s5-t7",
      "begin" : 916,
      "end" : 924,
      "text" : "trabalho",
      "whiteSpace" : false
    }, {
      "id" : "s5-t8",
      "begin" : 925,
      "end" : 928,
      "text" : "por",
      "whiteSpace" : false
    }, {
      "id" : "s5-t9",
      "begin" : 929,
      "end" : 934,
      "text" : "prazo",
      "whiteSpace" : false
    }, {
      "id" : "s5-t10",
      "begin" : 935,
      "end" : 948,
      "text" : "indeterminado",
      "whiteSpace" : false
    }, {
      "id" : "s5-t11",
      "begin" : 949,
      "end" : 952,
      "text" : "tem",
      "whiteSpace" : false
    }, {
      "id" : "s5-t12",
      "begin" : 953,
      "end" : 957,
      "text" : "como",
      "whiteSpace" : false
    }, {
      "id" : "s5-t13",
      "begin" : 958,
      "end" : 968,
      "text" : "fundamento",
      "whiteSpace" : false
    }, {
      "id" : "s5-t14",
      "begin" : 969,
      "end" : 970,
      "text" : "a",
      "whiteSpace" : false
    }, {
      "id" : "s5-t15",
      "begin" : 971,
      "end" : 983,
      "text" : "Consolidação",
      "whiteSpace" : false
    }, {
      "id" : "s5-t16",
      "begin" : 984,
      "end" : 987,
      "text" : "das",
      "whiteSpace" : false
    }, {
      "id" : "s5-t17",
      "begin" : 988,
      "end" : 992,
      "text" : "Leis",
      "whiteSpace" : false
    }, {
      "id" : "s5-t18",
      "begin" : 993,
      "end" : 995,
      "text" : "do",
      "whiteSpace" : false
    }, {
      "id" : "s5-t19",
      "begin" : 996,
      "end" : 1004,
      "text" : "Trabalho",
      "whiteSpace" : false
    }, {
      "id" : "s5-t20",
      "begin" : 1005,
      "end" : 1006,
      "text" : "(",
      "whiteSpace" : false
    }, {
      "id" : "s5-t21",
      "begin" : 1006,
      "end" : 1009,
      "text" : "CLT",
      "whiteSpace" : false
    }, {
      "id" : "s5-t22",
      "begin" : 1009,
      "end" : 1010,
      "text" : ")",
      "whiteSpace" : false
    }, {
      "id" : "s5-t23",
      "begin" : 1010,
      "end" : 1011,
      "text" : ".",
      "whiteSpace" : false
    } ]
  }, {
    "id" : "s6",
    "begin" : 1015,
    "end" : 1026,
    "text" : "DO OBJETIVO",
    "tokens" : [ {
      "id" : "s6-t0",
      "begin" : 1015,
      "end" : 1017,
      "text" : "DO",
      "whiteSpace" : false
    }, {
      "id" : "s6-t1",
      "begin" : 1018,
      "end" : 1026,
      "text" : "OBJETIVO",
      "whiteSpace" : false
    } ]
  }, {
    "id" : "s7",
    "begin" : 1030,
    "end" : 1185,
    "text" : "Cláusula 2ª - O empregador admite aos seus serviços, na modalidade de contrato de trabalho por tempo indeterminado o empregado, na função de técnico de TI.",
    "tokens" : [ {
      "id" : "s7-t0",
      "begin" : 1030,
      "end" : 1038,
      "text" : "Cláusula",
      "whiteSpace" : false
    }, {
      "id" : "s7-t1",
      "begin" : 1039,
      "end" : 1041,
      "text" : "2ª",
      "whiteSpace" : false
    }, {
      "id" : "s7-t2",
      "begin" : 1042,
      "end" : 1043,
      "text" : "-",
      "whiteSpace" : false
    }, {
      "id" : "s7-t3",
      "begin" : 1044,
      "end" : 1045,
      "text" : "O",
      "whiteSpace" : false
    }, {
      "id" : "s7-t4",
      "begin" : 1046,
      "end" : 1056,
      "text" : "empregador",
      "whiteSpace" : false
    }, {
      "id" : "s7-t5",
      "begin" : 1057,
      "end" : 1063,
      "text" : "admite",
      "whiteSpace" : false
    }, {
      "id" : "s7-t6",
      "begin" : 1064,
      "end" : 1067,
      "text" : "aos",
      "whiteSpace" : false
    }, {
      "id" : "s7-t7",
      "begin" : 1068,
      "end" : 1072,
      "text" : "seus",
      "whiteSpace" : false
    }, {
      "id" : "s7-t8",
      "begin" : 1073,
      "end" : 1081,
      "text" : "serviços",
      "whiteSpace" : false
    }, {
      "id" : "s7-t9",
      "begin" : 1081,
      "end" : 1082,
      "text" : ",",
      "whiteSpace" : false
    }, {
      "id" : "s7-t10",
      "begin" : 1083,
      "end" : 1085,
      "text" : "na",
      "whiteSpace" : false
    }, {
      "id" : "s7-t11",
      "begin" : 1086,
      "end" : 1096,
      "text" : "modalidade",
      "whiteSpace" : false
    }, {
      "id" : "s7-t12",
      "begin" : 1097,
      "end" : 1099,
      "text" : "de",
      "whiteSpace" : false
    }, {
      "id" : "s7-t13",
      "begin" : 1100,
      "end" : 1108,
      "text" : "contrato",
      "whiteSpace" : false
    }, {
      "id" : "s7-t14",
      "begin" : 1109,
      "end" : 1111,
      "text" : "de",
      "whiteSpace" : false
    }, {
      "id" : "s7-t15",
      "begin" : 1112,
      "end" : 1120,
      "text" : "trabalho",
      "whiteSpace" : false
    }, {
      "id" : "s7-t16",
      "begin" : 1121,
      "end" : 1124,
      "text" : "por",
      "whiteSpace" : false
    }, {
      "id" : "s7-t17",
      "begin" : 1125,
      "end" : 1130,
      "text" : "tempo",
      "whiteSpace" : false
    }, {
      "id" : "s7-t18",
      "begin" : 1131,
      "end" : 1144,
      "text" : "indeterminado",
      "whiteSpace" : false
    }, {
      "id" : "s7-t19",
      "begin" : 1145,
      "end" : 1146,
      "text" : "o",
      "whiteSpace" : false
    }, {
      "id" : "s7-t20",
      "begin" : 1147,
      "end" : 1156,
      "text" : "empregado",
      "whiteSpace" : false
    }, {
      "id" : "s7-t21",
      "begin" : 1156,
      "end" : 1157,
      "text" : ",",
      "whiteSpace" : false
    }, {
      "id" : "s7-t22",
      "begin" : 1158,
      "end" : 1160,
      "text" : "na",
      "whiteSpace" : false
    }, {
      "id" : "s7-t23",
      "begin" : 1161,
      "end" : 1167,
      "text" : "função",
      "whiteSpace" : false
    }, {
      "id" : "s7-t24",
      "begin" : 1168,
      "end" : 1170,
      "text" : "de",
      "whiteSpace" : false
    }, {
      "id" : "s7-t25",
      "begin" : 1171,
      "end" : 1178,
      "text" : "técnico",
      "whiteSpace" : false
    }, {
      "id" : "s7-t26",
      "begin" : 1179,
      "end" : 1181,
      "text" : "de",
      "whiteSpace" : false
    }, {
      "id" : "s7-t27",
      "begin" : 1182,
      "end" : 1184,
      "text" : "TI",
      "whiteSpace" : false
    }, {
      "id" : "s7-t28",
      "begin" : 1184,
      "end" : 1185,
      "text" : ".",
      "whiteSpace" : false
    } ]
  }, {
    "id" : "s8",
    "begin" : 1189,
    "end" : 1225,
    "text" : "DO LOCAL E DAS CONDIÇÕES DE TRABALHO",
    "tokens" : [ {
      "id" : "s8-t0",
      "begin" : 1189,
      "end" : 1191,
      "text" : "DO",
      "whiteSpace" : false
    }, {
      "id" : "s8-t1",
      "begin" : 1192,
      "end" : 1197,
      "text" : "LOCAL",
      "whiteSpace" : false
    }, {
      "id" : "s8-t2",
      "begin" : 1198,
      "end" : 1199,
      "text" : "E",
      "whiteSpace" : false
    }, {
      "id" : "s8-t3",
      "begin" : 1200,
      "end" : 1203,
      "text" : "DAS",
      "whiteSpace" : false
    }, {
      "id" : "s8-t4",
      "begin" : 1204,
      "end" : 1213,
      "text" : "CONDIÇÕES",
      "whiteSpace" : false
    }, {
      "id" : "s8-t5",
      "begin" : 1214,
      "end" : 1216,
      "text" : "DE",
      "whiteSpace" : false
    }, {
      "id" : "s8-t6",
      "begin" : 1217,
      "end" : 1225,
      "text" : "TRABALHO",
      "whiteSpace" : false
    } ]
  }, {
    "id" : "s9",
    "begin" : 1229,
    "end" : 1521,
    "text" : "Cláusula 3º - O local de trabalho será na filial da empresa localizada em Campinas, podendo o empregador, a qualquer momento, transferir o empregado em caráter definitivo ou temporário, para outra unidade/filial/estabelecimento, em qualquer localidade deste Estado ou de outro dentro do país.",
    "tokens" : [ {
      "id" : "s9-t0",
      "begin" : 1229,
      "end" : 1237,
      "text" : "Cláusula",
      "whiteSpace" : false
    }, {
      "id" : "s9-t1",
      "begin" : 1238,
      "end" : 1240,
      "text" : "3º",
      "whiteSpace" : false
    }, {
      "id" : "s9-t2",
      "begin" : 1241,
      "end" : 1242,
      "text" : "-",
      "whiteSpace" : false
    }, {
      "id" : "s9-t3",
      "begin" : 1243,
      "end" : 1244,
      "text" : "O",
      "whiteSpace" : false
    }, {
      "id" : "s9-t4",
      "begin" : 1245,
      "end" : 1250,
      "text" : "local",
      "whiteSpace" : false
    }, {
      "id" : "s9-t5",
      "begin" : 1251,
      "end" : 1253,
      "text" : "de",
      "whiteSpace" : false
    }, {
      "id" : "s9-t6",
      "begin" : 1254,
      "end" : 1262,
      "text" : "trabalho",
      "whiteSpace" : false
    }, {
      "id" : "s9-t7",
      "begin" : 1263,
      "end" : 1267,
      "text" : "será",
      "whiteSpace" : false
    }, {
      "id" : "s9-t8",
      "begin" : 1268,
      "end" : 1270,
      "text" : "na",
      "whiteSpace" : false
    }, {
      "id" : "s9-t9",
      "begin" : 1271,
      "end" : 1277,
      "text" : "filial",
      "whiteSpace" : false
    }, {
      "id" : "s9-t10",
      "begin" : 1278,
      "end" : 1280,
      "text" : "da",
      "whiteSpace" : false
    }, {
      "id" : "s9-t11",
      "begin" : 1281,
      "end" : 1288,
      "text" : "empresa",
      "whiteSpace" : false
    }, {
      "id" : "s9-t12",
      "begin" : 1289,
      "end" : 1299,
      "text" : "localizada",
      "whiteSpace" : false
    }, {
      "id" : "s9-t13",
      "begin" : 1300,
      "end" : 1302,
      "text" : "em",
      "whiteSpace" : false
    }, {
      "id" : "s9-t14",
      "begin" : 1303,
      "end" : 1311,
      "text" : "Campinas",
      "whiteSpace" : false
    }, {
      "id" : "s9-t15",
      "begin" : 1311,
      "end" : 1312,
      "text" : ",",
      "whiteSpace" : false
    }, {
      "id" : "s9-t16",
      "begin" : 1313,
      "end" : 1320,
      "text" : "podendo",
      "whiteSpace" : false
    }, {
      "id" : "s9-t17",
      "begin" : 1321,
      "end" : 1322,
      "text" : "o",
      "whiteSpace" : false
    }, {
      "id" : "s9-t18",
      "begin" : 1323,
      "end" : 1333,
      "text" : "empregador",
      "whiteSpace" : false
    }, {
      "id" : "s9-t19",
      "begin" : 1333,
      "end" : 1334,
      "text" : ",",
      "whiteSpace" : false
    }, {
      "id" : "s9-t20",
      "begin" : 1335,
      "end" : 1336,
      "text" : "a",
      "whiteSpace" : false
    }, {
      "id" : "s9-t21",
      "begin" : 1337,
      "end" : 1345,
      "text" : "qualquer",
      "whiteSpace" : false
    }, {
      "id" : "s9-t22",
      "begin" : 1346,
      "end" : 1353,
      "text" : "momento",
      "whiteSpace" : false
    }, {
      "id" : "s9-t23",
      "begin" : 1353,
      "end" : 1354,
      "text" : ",",
      "whiteSpace" : false
    }, {
      "id" : "s9-t24",
      "begin" : 1355,
      "end" : 1365,
      "text" : "transferir",
      "whiteSpace" : false
    }, {
      "id" : "s9-t25",
      "begin" : 1366,
      "end" : 1367,
      "text" : "o",
      "whiteSpace" : false
    }, {
      "id" : "s9-t26",
      "begin" : 1368,
      "end" : 1377,
      "text" : "empregado",
      "whiteSpace" : false
    }, {
      "id" : "s9-t27",
      "begin" : 1378,
      "end" : 1380,
      "text" : "em",
      "whiteSpace" : false
    }, {
      "id" : "s9-t28",
      "begin" : 1381,
      "end" : 1388,
      "text" : "caráter",
      "whiteSpace" : false
    }, {
      "id" : "s9-t29",
      "begin" : 1389,
      "end" : 1399,
      "text" : "definitivo",
      "whiteSpace" : false
    }, {
      "id" : "s9-t30",
      "begin" : 1400,
      "end" : 1402,
      "text" : "ou",
      "whiteSpace" : false
    }, {
      "id" : "s9-t31",
      "begin" : 1403,
      "end" : 1413,
      "text" : "temporário",
      "whiteSpace" : false
    }, {
      "id" : "s9-t32",
      "begin" : 1413,
      "end" : 1414,
      "text" : ",",
      "whiteSpace" : false
    }, {
      "id" : "s9-t33",
      "begin" : 1415,
      "end" : 1419,
      "text" : "para",
      "whiteSpace" : false
    }, {
      "id" : "s9-t34",
      "begin" : 1420,
      "end" : 1425,
      "text" : "outra",
      "whiteSpace" : false
    }, {
      "id" : "s9-t35",
      "begin" : 1426,
      "end" : 1433,
      "text" : "unidade",
      "whiteSpace" : false
    }, {
      "id" : "s9-t36",
      "begin" : 1433,
      "end" : 1434,
      "text" : "/",
      "whiteSpace" : false
    }, {
      "id" : "s9-t37",
      "begin" : 1434,
      "end" : 1456,
      "text" : "filial/estabelecimento",
      "whiteSpace" : false
    }, {
      "id" : "s9-t38",
      "begin" : 1456,
      "end" : 1457,
      "text" : ",",
      "whiteSpace" : false
    }, {
      "id" : "s9-t39",
      "begin" : 1458,
      "end" : 1460,
      "text" : "em",
      "whiteSpace" : false
    }, {
      "id" : "s9-t40",
      "begin" : 1461,
      "end" : 1469,
      "text" : "qualquer",
      "whiteSpace" : false
    }, {
      "id" : "s9-t41",
      "begin" : 1470,
      "end" : 1480,
      "text" : "localidade",
      "whiteSpace" : false
    }, {
      "id" : "s9-t42",
      "begin" : 1481,
      "end" : 1486,
      "text" : "deste",
      "whiteSpace" : false
    }, {
      "id" : "s9-t43",
      "begin" : 1487,
      "end" : 1493,
      "text" : "Estado",
      "whiteSpace" : false
    }, {
      "id" : "s9-t44",
      "begin" : 1494,
      "end" : 1496,
      "text" : "ou",
      "whiteSpace" : false
    }, {
      "id" : "s9-t45",
      "begin" : 1497,
      "end" : 1499,
      "text" : "de",
      "whiteSpace" : false
    }, {
      "id" : "s9-t46",
      "begin" : 1500,
      "end" : 1505,
      "text" : "outro",
      "whiteSpace" : false
    }, {
      "id" : "s9-t47",
      "begin" : 1506,
      "end" : 1512,
      "text" : "dentro",
      "whiteSpace" : false
    }, {
      "id" : "s9-t48",
      "begin" : 1513,
      "end" : 1515,
      "text" : "do",
      "whiteSpace" : false
    }, {
      "id" : "s9-t49",
      "begin" : 1516,
      "end" : 1520,
      "text" : "país",
      "whiteSpace" : false
    }, {
      "id" : "s9-t50",
      "begin" : 1520,
      "end" : 1521,
      "text" : ".",
      "whiteSpace" : false
    } ]
  }, {
    "id" : "s10",
    "begin" : 1525,
    "end" : 1547,
    "text" : "DA JORNADA DE TRABALHO",
    "tokens" : [ {
      "id" : "s10-t0",
      "begin" : 1525,
      "end" : 1527,
      "text" : "DA",
      "whiteSpace" : false
    }, {
      "id" : "s10-t1",
      "begin" : 1528,
      "end" : 1535,
      "text" : "JORNADA",
      "whiteSpace" : false
    }, {
      "id" : "s10-t2",
      "begin" : 1536,
      "end" : 1538,
      "text" : "DE",
      "whiteSpace" : false
    }, {
      "id" : "s10-t3",
      "begin" : 1539,
      "end" : 1547,
      "text" : "TRABALHO",
      "whiteSpace" : false
    } ]
  }, {
    "id" : "s11",
    "begin" : 1551,
    "end" : 1776,
    "text" : "Cláusula 4ª – O trabalho executado pelo empregado consistirá na jornada diária de 7 horas de 10:00 a 19:00, na Segunda a sexta, com intervalo para repouso/refeição, das 14:00 a 14:00, perfazendo um total de 35 horas semanais.",
    "tokens" : [ {
      "id" : "s11-t0",
      "begin" : 1551,
      "end" : 1559,
      "text" : "Cláusula",
      "whiteSpace" : false
    }, {
      "id" : "s11-t1",
      "begin" : 1560,
      "end" : 1562,
      "text" : "4ª",
      "whiteSpace" : false
    }, {
      "id" : "s11-t2",
      "begin" : 1563,
      "end" : 1564,
      "text" : "–",
      "whiteSpace" : false
    }, {
      "id" : "s11-t3",
      "begin" : 1565,
      "end" : 1566,
      "text" : "O",
      "whiteSpace" : false
    }, {
      "id" : "s11-t4",
      "begin" : 1567,
      "end" : 1575,
      "text" : "trabalho",
      "whiteSpace" : false
    }, {
      "id" : "s11-t5",
      "begin" : 1576,
      "end" : 1585,
      "text" : "executado",
      "whiteSpace" : false
    }, {
      "id" : "s11-t6",
      "begin" : 1586,
      "end" : 1590,
      "text" : "pelo",
      "whiteSpace" : false
    }, {
      "id" : "s11-t7",
      "begin" : 1591,
      "end" : 1600,
      "text" : "empregado",
      "whiteSpace" : false
    }, {
      "id" : "s11-t8",
      "begin" : 1601,
      "end" : 1611,
      "text" : "consistirá",
      "whiteSpace" : false
    }, {
      "id" : "s11-t9",
      "begin" : 1612,
      "end" : 1614,
      "text" : "na",
      "whiteSpace" : false
    }, {
      "id" : "s11-t10",
      "begin" : 1615,
      "end" : 1622,
      "text" : "jornada",
      "whiteSpace" : false
    }, {
      "id" : "s11-t11",
      "begin" : 1623,
      "end" : 1629,
      "text" : "diária",
      "whiteSpace" : false
    }, {
      "id" : "s11-t12",
      "begin" : 1630,
      "end" : 1632,
      "text" : "de",
      "whiteSpace" : false
    }, {
      "id" : "s11-t13",
      "begin" : 1633,
      "end" : 1634,
      "text" : "7",
      "whiteSpace" : false
    }, {
      "id" : "s11-t14",
      "begin" : 1635,
      "end" : 1640,
      "text" : "horas",
      "whiteSpace" : false
    }, {
      "id" : "s11-t15",
      "begin" : 1641,
      "end" : 1643,
      "text" : "de",
      "whiteSpace" : false
    }, {
      "id" : "s11-t16",
      "begin" : 1644,
      "end" : 1649,
      "text" : "10:00",
      "whiteSpace" : false
    }, {
      "id" : "s11-t17",
      "begin" : 1650,
      "end" : 1651,
      "text" : "a",
      "whiteSpace" : false
    }, {
      "id" : "s11-t18",
      "begin" : 1652,
      "end" : 1657,
      "text" : "19:00",
      "whiteSpace" : false
    }, {
      "id" : "s11-t19",
      "begin" : 1657,
      "end" : 1658,
      "text" : ",",
      "whiteSpace" : false
    }, {
      "id" : "s11-t20",
      "begin" : 1659,
      "end" : 1661,
      "text" : "na",
      "whiteSpace" : false
    }, {
      "id" : "s11-t21",
      "begin" : 1662,
      "end" : 1669,
      "text" : "Segunda",
      "whiteSpace" : false
    }, {
      "id" : "s11-t22",
      "begin" : 1670,
      "end" : 1671,
      "text" : "a",
      "whiteSpace" : false
    }, {
      "id" : "s11-t23",
      "begin" : 1672,
      "end" : 1677,
      "text" : "sexta",
      "whiteSpace" : false
    }, {
      "id" : "s11-t24",
      "begin" : 1677,
      "end" : 1678,
      "text" : ",",
      "whiteSpace" : false
    }, {
      "id" : "s11-t25",
      "begin" : 1679,
      "end" : 1682,
      "text" : "com",
      "whiteSpace" : false
    }, {
      "id" : "s11-t26",
      "begin" : 1683,
      "end" : 1692,
      "text" : "intervalo",
      "whiteSpace" : false
    }, {
      "id" : "s11-t27",
      "begin" : 1693,
      "end" : 1697,
      "text" : "para",
      "whiteSpace" : false
    }, {
      "id" : "s11-t28",
      "begin" : 1698,
      "end" : 1705,
      "text" : "repouso",
      "whiteSpace" : false
    }, {
      "id" : "s11-t29",
      "begin" : 1705,
      "end" : 1706,
      "text" : "/",
      "whiteSpace" : false
    }, {
      "id" : "s11-t30",
      "begin" : 1706,
      "end" : 1714,
      "text" : "refeição",
      "whiteSpace" : false
    }, {
      "id" : "s11-t31",
      "begin" : 1714,
      "end" : 1715,
      "text" : ",",
      "whiteSpace" : false
    }, {
      "id" : "s11-t32",
      "begin" : 1716,
      "end" : 1719,
      "text" : "das",
      "whiteSpace" : false
    }, {
      "id" : "s11-t33",
      "begin" : 1720,
      "end" : 1725,
      "text" : "14:00",
      "whiteSpace" : false
    }, {
      "id" : "s11-t34",
      "begin" : 1726,
      "end" : 1727,
      "text" : "a",
      "whiteSpace" : false
    }, {
      "id" : "s11-t35",
      "begin" : 1728,
      "end" : 1733,
      "text" : "14:00",
      "whiteSpace" : false
    }, {
      "id" : "s11-t36",
      "begin" : 1733,
      "end" : 1734,
      "text" : ",",
      "whiteSpace" : false
    }, {
      "id" : "s11-t37",
      "begin" : 1735,
      "end" : 1745,
      "text" : "perfazendo",
      "whiteSpace" : false
    }, {
      "id" : "s11-t38",
      "begin" : 1746,
      "end" : 1748,
      "text" : "um",
      "whiteSpace" : false
    }, {
      "id" : "s11-t39",
      "begin" : 1749,
      "end" : 1754,
      "text" : "total",
      "whiteSpace" : false
    }, {
      "id" : "s11-t40",
      "begin" : 1755,
      "end" : 1757,
      "text" : "de",
      "whiteSpace" : false
    }, {
      "id" : "s11-t41",
      "begin" : 1758,
      "end" : 1760,
      "text" : "35",
      "whiteSpace" : false
    }, {
      "id" : "s11-t42",
      "begin" : 1761,
      "end" : 1766,
      "text" : "horas",
      "whiteSpace" : false
    }, {
      "id" : "s11-t43",
      "begin" : 1767,
      "end" : 1775,
      "text" : "semanais",
      "whiteSpace" : false
    }, {
      "id" : "s11-t44",
      "begin" : 1775,
      "end" : 1776,
      "text" : ".",
      "whiteSpace" : false
    } ]
  }, {
    "id" : "s12",
    "begin" : 1780,
    "end" : 1794,
    "text" : "DA REMUNERAÇÃO",
    "tokens" : [ {
      "id" : "s12-t0",
      "begin" : 1780,
      "end" : 1782,
      "text" : "DA",
      "whiteSpace" : false
    }, {
      "id" : "s12-t1",
      "begin" : 1783,
      "end" : 1794,
      "text" : "REMUNERAÇÃO",
      "whiteSpace" : false
    } ]
  }, {
    "id" : "s13",
    "begin" : 1798,
    "end" : 1921,
    "text" : "Cláusula 5ª - O empregado receberá a quantia diária de oitocentos reais, efetuados os devidos descontos permitidos por lei.",
    "tokens" : [ {
      "id" : "s13-t0",
      "begin" : 1798,
      "end" : 1806,
      "text" : "Cláusula",
      "whiteSpace" : false
    }, {
      "id" : "s13-t1",
      "begin" : 1807,
      "end" : 1809,
      "text" : "5ª",
      "whiteSpace" : false
    }, {
      "id" : "s13-t2",
      "begin" : 1810,
      "end" : 1811,
      "text" : "-",
      "whiteSpace" : false
    }, {
      "id" : "s13-t3",
      "begin" : 1812,
      "end" : 1813,
      "text" : "O",
      "whiteSpace" : false
    }, {
      "id" : "s13-t4",
      "begin" : 1814,
      "end" : 1823,
      "text" : "empregado",
      "whiteSpace" : false
    }, {
      "id" : "s13-t5",
      "begin" : 1824,
      "end" : 1832,
      "text" : "receberá",
      "whiteSpace" : false
    }, {
      "id" : "s13-t6",
      "begin" : 1833,
      "end" : 1834,
      "text" : "a",
      "whiteSpace" : false
    }, {
      "id" : "s13-t7",
      "begin" : 1835,
      "end" : 1842,
      "text" : "quantia",
      "whiteSpace" : false
    }, {
      "id" : "s13-t8",
      "begin" : 1843,
      "end" : 1849,
      "text" : "diária",
      "whiteSpace" : false
    }, {
      "id" : "s13-t9",
      "begin" : 1850,
      "end" : 1852,
      "text" : "de",
      "whiteSpace" : false
    }, {
      "id" : "s13-t10",
      "begin" : 1853,
      "end" : 1863,
      "text" : "oitocentos",
      "whiteSpace" : false
    }, {
      "id" : "s13-t11",
      "begin" : 1864,
      "end" : 1869,
      "text" : "reais",
      "whiteSpace" : false
    }, {
      "id" : "s13-t12",
      "begin" : 1869,
      "end" : 1870,
      "text" : ",",
      "whiteSpace" : false
    }, {
      "id" : "s13-t13",
      "begin" : 1871,
      "end" : 1880,
      "text" : "efetuados",
      "whiteSpace" : false
    }, {
      "id" : "s13-t14",
      "begin" : 1881,
      "end" : 1883,
      "text" : "os",
      "whiteSpace" : false
    }, {
      "id" : "s13-t15",
      "begin" : 1884,
      "end" : 1891,
      "text" : "devidos",
      "whiteSpace" : false
    }, {
      "id" : "s13-t16",
      "begin" : 1892,
      "end" : 1901,
      "text" : "descontos",
      "whiteSpace" : false
    }, {
      "id" : "s13-t17",
      "begin" : 1902,
      "end" : 1912,
      "text" : "permitidos",
      "whiteSpace" : false
    }, {
      "id" : "s13-t18",
      "begin" : 1913,
      "end" : 1916,
      "text" : "por",
      "whiteSpace" : false
    }, {
      "id" : "s13-t19",
      "begin" : 1917,
      "end" : 1920,
      "text" : "lei",
      "whiteSpace" : false
    }, {
      "id" : "s13-t20",
      "begin" : 1920,
      "end" : 1921,
      "text" : ".",
      "whiteSpace" : false
    } ]
  }, {
    "id" : "s14",
    "begin" : 1925,
    "end" : 1960,
    "text" : "DA VIGÊNCIA DO CONTRATO DE TRABALHO",
    "tokens" : [ {
      "id" : "s14-t0",
      "begin" : 1925,
      "end" : 1927,
      "text" : "DA",
      "whiteSpace" : false
    }, {
      "id" : "s14-t1",
      "begin" : 1928,
      "end" : 1936,
      "text" : "VIGÊNCIA",
      "whiteSpace" : false
    }, {
      "id" : "s14-t2",
      "begin" : 1937,
      "end" : 1939,
      "text" : "DO",
      "whiteSpace" : false
    }, {
      "id" : "s14-t3",
      "begin" : 1940,
      "end" : 1948,
      "text" : "CONTRATO",
      "whiteSpace" : false
    }, {
      "id" : "s14-t4",
      "begin" : 1949,
      "end" : 1951,
      "text" : "DE",
      "whiteSpace" : false
    }, {
      "id" : "s14-t5",
      "begin" : 1952,
      "end" : 1960,
      "text" : "TRABALHO",
      "whiteSpace" : false
    } ]
  }, {
    "id" : "s15",
    "begin" : 1964,
    "end" : 2204,
    "text" : "Cláusula 6º - O presente contrato terá duração por prazo indeterminado, sendo assegurado às partes o direito de rescisão a qualquer momento, obrigando-se a parte que desejar rescindi-lo, comunicar a outra com aviso-prévio mínimo de 13 dias.",
    "tokens" : [ {
      "id" : "s15-t0",
      "begin" : 1964,
      "end" : 1972,
      "text" : "Cláusula",
      "whiteSpace" : false
    }, {
      "id" : "s15-t1",
      "begin" : 1973,
      "end" : 1975,
      "text" : "6º",
      "whiteSpace" : false
    }, {
      "id" : "s15-t2",
      "begin" : 1976,
      "end" : 1977,
      "text" : "-",
      "whiteSpace" : false
    }, {
      "id" : "s15-t3",
      "begin" : 1978,
      "end" : 1979,
      "text" : "O",
      "whiteSpace" : false
    }, {
      "id" : "s15-t4",
      "begin" : 1980,
      "end" : 1988,
      "text" : "presente",
      "whiteSpace" : false
    }, {
      "id" : "s15-t5",
      "begin" : 1989,
      "end" : 1997,
      "text" : "contrato",
      "whiteSpace" : false
    }, {
      "id" : "s15-t6",
      "begin" : 1998,
      "end" : 2002,
      "text" : "terá",
      "whiteSpace" : false
    }, {
      "id" : "s15-t7",
      "begin" : 2003,
      "end" : 2010,
      "text" : "duração",
      "whiteSpace" : false
    }, {
      "id" : "s15-t8",
      "begin" : 2011,
      "end" : 2014,
      "text" : "por",
      "whiteSpace" : false
    }, {
      "id" : "s15-t9",
      "begin" : 2015,
      "end" : 2020,
      "text" : "prazo",
      "whiteSpace" : false
    }, {
      "id" : "s15-t10",
      "begin" : 2021,
      "end" : 2034,
      "text" : "indeterminado",
      "whiteSpace" : false
    }, {
      "id" : "s15-t11",
      "begin" : 2034,
      "end" : 2035,
      "text" : ",",
      "whiteSpace" : false
    }, {
      "id" : "s15-t12",
      "begin" : 2036,
      "end" : 2041,
      "text" : "sendo",
      "whiteSpace" : false
    }, {
      "id" : "s15-t13",
      "begin" : 2042,
      "end" : 2052,
      "text" : "assegurado",
      "whiteSpace" : false
    }, {
      "id" : "s15-t14",
      "begin" : 2053,
      "end" : 2055,
      "text" : "às",
      "whiteSpace" : false
    }, {
      "id" : "s15-t15",
      "begin" : 2056,
      "end" : 2062,
      "text" : "partes",
      "whiteSpace" : false
    }, {
      "id" : "s15-t16",
      "begin" : 2063,
      "end" : 2064,
      "text" : "o",
      "whiteSpace" : false
    }, {
      "id" : "s15-t17",
      "begin" : 2065,
      "end" : 2072,
      "text" : "direito",
      "whiteSpace" : false
    }, {
      "id" : "s15-t18",
      "begin" : 2073,
      "end" : 2075,
      "text" : "de",
      "whiteSpace" : false
    }, {
      "id" : "s15-t19",
      "begin" : 2076,
      "end" : 2084,
      "text" : "rescisão",
      "whiteSpace" : false
    }, {
      "id" : "s15-t20",
      "begin" : 2085,
      "end" : 2086,
      "text" : "a",
      "whiteSpace" : false
    }, {
      "id" : "s15-t21",
      "begin" : 2087,
      "end" : 2095,
      "text" : "qualquer",
      "whiteSpace" : false
    }, {
      "id" : "s15-t22",
      "begin" : 2096,
      "end" : 2103,
      "text" : "momento",
      "whiteSpace" : false
    }, {
      "id" : "s15-t23",
      "begin" : 2103,
      "end" : 2104,
      "text" : ",",
      "whiteSpace" : false
    }, {
      "id" : "s15-t24",
      "begin" : 2105,
      "end" : 2117,
      "text" : "obrigando-se",
      "whiteSpace" : false
    }, {
      "id" : "s15-t25",
      "begin" : 2118,
      "end" : 2119,
      "text" : "a",
      "whiteSpace" : false
    }, {
      "id" : "s15-t26",
      "begin" : 2120,
      "end" : 2125,
      "text" : "parte",
      "whiteSpace" : false
    }, {
      "id" : "s15-t27",
      "begin" : 2126,
      "end" : 2129,
      "text" : "que",
      "whiteSpace" : false
    }, {
      "id" : "s15-t28",
      "begin" : 2130,
      "end" : 2137,
      "text" : "desejar",
      "whiteSpace" : false
    }, {
      "id" : "s15-t29",
      "begin" : 2138,
      "end" : 2149,
      "text" : "rescindi-lo",
      "whiteSpace" : false
    }, {
      "id" : "s15-t30",
      "begin" : 2149,
      "end" : 2150,
      "text" : ",",
      "whiteSpace" : false
    }, {
      "id" : "s15-t31",
      "begin" : 2151,
      "end" : 2160,
      "text" : "comunicar",
      "whiteSpace" : false
    }, {
      "id" : "s15-t32",
      "begin" : 2161,
      "end" : 2162,
      "text" : "a",
      "whiteSpace" : false
    }, {
      "id" : "s15-t33",
      "begin" : 2163,
      "end" : 2168,
      "text" : "outra",
      "whiteSpace" : false
    }, {
      "id" : "s15-t34",
      "begin" : 2169,
      "end" : 2172,
      "text" : "com",
      "whiteSpace" : false
    }, {
      "id" : "s15-t35",
      "begin" : 2173,
      "end" : 2185,
      "text" : "aviso-prévio",
      "whiteSpace" : false
    }, {
      "id" : "s15-t36",
      "begin" : 2186,
      "end" : 2192,
      "text" : "mínimo",
      "whiteSpace" : false
    }, {
      "id" : "s15-t37",
      "begin" : 2193,
      "end" : 2195,
      "text" : "de",
      "whiteSpace" : false
    }, {
      "id" : "s15-t38",
      "begin" : 2196,
      "end" : 2198,
      "text" : "13",
      "whiteSpace" : false
    }, {
      "id" : "s15-t39",
      "begin" : 2199,
      "end" : 2203,
      "text" : "dias",
      "whiteSpace" : false
    }, {
      "id" : "s15-t40",
      "begin" : 2203,
      "end" : 2204,
      "text" : ".",
      "whiteSpace" : false
    } ]
  } ],
  "mentions" : [ {
    "id" : "s0-m1",
    "properties" : {
      "SIRE_MENTION_ROLE" : "EMPRESA",
      "SIRE_ENTITY_SUBTYPE" : "NONE",
      "SIRE_MENTION_TYPE" : "NONE",
      "SIRE_MENTION_CLASS" : "SPC"
    },
    "type" : "EMPRESA",
    "begin" : 12,
    "end" : 54,
    "inCoref" : false
  }, {
    "id" : "s0-m2",
    "properties" : {
      "SIRE_MENTION_ROLE" : "ESTADO",
      "SIRE_ENTITY_SUBTYPE" : "NONE",
      "SIRE_MENTION_TYPE" : "NONE",
      "SIRE_MENTION_CLASS" : "SPC"
    },
    "type" : "ESTADO",
    "begin" : 77,
    "end" : 79,
    "inCoref" : false
  }, {
    "id" : "s0-m3",
    "properties" : {
      "SIRE_MENTION_ROLE" : "CIDADE",
      "SIRE_ENTITY_SUBTYPE" : "NONE",
      "SIRE_MENTION_TYPE" : "NONE",
      "SIRE_MENTION_CLASS" : "SPC"
    },
    "type" : "CIDADE",
    "begin" : 93,
    "end" : 104,
    "inCoref" : false
  }, {
    "id" : "s0-m4",
    "properties" : {
      "SIRE_MENTION_ROLE" : "ENDERECO",
      "SIRE_ENTITY_SUBTYPE" : "NONE",
      "SIRE_MENTION_TYPE" : "NONE",
      "SIRE_MENTION_CLASS" : "SPC"
    },
    "type" : "ENDERECO",
    "begin" : 115,
    "end" : 135,
    "inCoref" : false
  }, {
    "id" : "s0-m5",
    "properties" : {
      "SIRE_MENTION_ROLE" : "BAIRRO",
      "SIRE_ENTITY_SUBTYPE" : "NONE",
      "SIRE_MENTION_TYPE" : "NONE",
      "SIRE_MENTION_CLASS" : "SPC"
    },
    "type" : "BAIRRO",
    "begin" : 144,
    "end" : 150,
    "inCoref" : false
  }, {
    "id" : "s0-m6",
    "properties" : {
      "SIRE_MENTION_ROLE" : "CEP",
      "SIRE_ENTITY_SUBTYPE" : "NONE",
      "SIRE_MENTION_TYPE" : "NONE",
      "SIRE_MENTION_CLASS" : "SPC"
    },
    "type" : "CEP",
    "begin" : 156,
    "end" : 165,
    "inCoref" : false
  }, {
    "id" : "s0-m7",
    "properties" : {
      "SIRE_MENTION_ROLE" : "CNPJ",
      "SIRE_ENTITY_SUBTYPE" : "NONE",
      "SIRE_MENTION_TYPE" : "NONE",
      "SIRE_MENTION_CLASS" : "SPC"
    },
    "type" : "CNPJ",
    "begin" : 185,
    "end" : 203,
    "inCoref" : false
  }, {
    "id" : "s0-m8",
    "properties" : {
      "SIRE_MENTION_ROLE" : "PARTE",
      "SIRE_ENTITY_SUBTYPE" : "NONE",
      "SIRE_MENTION_TYPE" : "NONE",
      "SIRE_MENTION_CLASS" : "SPC"
    },
    "type" : "PARTE",
    "begin" : 233,
    "end" : 249,
    "inCoref" : false
  }, {
    "id" : "s0-m9",
    "properties" : {
      "SIRE_MENTION_ROLE" : "RG",
      "SIRE_ENTITY_SUBTYPE" : "NONE",
      "SIRE_MENTION_TYPE" : "NONE",
      "SIRE_MENTION_CLASS" : "SPC"
    },
    "type" : "RG",
    "begin" : 254,
    "end" : 266,
    "inCoref" : false
  }, {
    "id" : "s0-m10",
    "properties" : {
      "SIRE_MENTION_ROLE" : "CPF",
      "SIRE_ENTITY_SUBTYPE" : "NONE",
      "SIRE_MENTION_TYPE" : "NONE",
      "SIRE_MENTION_CLASS" : "SPC"
    },
    "type" : "CPF",
    "begin" : 275,
    "end" : 286,
    "inCoref" : false
  }, {
    "id" : "s0-m11",
    "properties" : {
      "SIRE_MENTION_ROLE" : "ENDERECO",
      "SIRE_ENTITY_SUBTYPE" : "NONE",
      "SIRE_MENTION_TYPE" : "NONE",
      "SIRE_MENTION_CLASS" : "SPC"
    },
    "type" : "ENDERECO",
    "begin" : 310,
    "end" : 346,
    "inCoref" : false
  }, {
    "id" : "s0-m12",
    "properties" : {
      "SIRE_MENTION_ROLE" : "BAIRRO",
      "SIRE_ENTITY_SUBTYPE" : "NONE",
      "SIRE_MENTION_TYPE" : "NONE",
      "SIRE_MENTION_CLASS" : "SPC"
    },
    "type" : "BAIRRO",
    "begin" : 355,
    "end" : 361,
    "inCoref" : false
  }, {
    "id" : "s0-m13",
    "properties" : {
      "SIRE_MENTION_ROLE" : "CEP",
      "SIRE_ENTITY_SUBTYPE" : "NONE",
      "SIRE_MENTION_TYPE" : "NONE",
      "SIRE_MENTION_CLASS" : "SPC"
    },
    "type" : "CEP",
    "begin" : 367,
    "end" : 376,
    "inCoref" : false
  }, {
    "id" : "s0-m14",
    "properties" : {
      "SIRE_MENTION_ROLE" : "CIDADE",
      "SIRE_ENTITY_SUBTYPE" : "NONE",
      "SIRE_MENTION_TYPE" : "NONE",
      "SIRE_MENTION_CLASS" : "SPC"
    },
    "type" : "CIDADE",
    "begin" : 385,
    "end" : 398,
    "inCoref" : false
  }, {
    "id" : "s0-m15",
    "properties" : {
      "SIRE_MENTION_ROLE" : "ESTADO",
      "SIRE_ENTITY_SUBTYPE" : "NONE",
      "SIRE_MENTION_TYPE" : "NONE",
      "SIRE_MENTION_CLASS" : "SPC"
    },
    "type" : "ESTADO",
    "begin" : 410,
    "end" : 414,
    "inCoref" : false
  }, {
    "id" : "s1-m1",
    "properties" : {
      "SIRE_MENTION_ROLE" : "PARTE",
      "SIRE_ENTITY_SUBTYPE" : "NONE",
      "SIRE_MENTION_TYPE" : "NONE",
      "SIRE_MENTION_CLASS" : "SPC"
    },
    "type" : "PARTE",
    "begin" : 429,
    "end" : 441,
    "inCoref" : false
  }, {
    "id" : "s1-m3",
    "properties" : {
      "SIRE_MENTION_ROLE" : "PROFISSAO",
      "SIRE_ENTITY_SUBTYPE" : "NONE",
      "SIRE_MENTION_TYPE" : "NONE",
      "SIRE_MENTION_CLASS" : "SPC"
    },
    "type" : "PROFISSAO",
    "begin" : 443,
    "end" : 450,
    "inCoref" : false
  }, {
    "id" : "s1-m2",
    "properties" : {
      "SIRE_MENTION_ROLE" : "ESTADO_CIVIL",
      "SIRE_ENTITY_SUBTYPE" : "NONE",
      "SIRE_MENTION_TYPE" : "NONE",
      "SIRE_MENTION_CLASS" : "SPC"
    },
    "type" : "ESTADO_CIVIL",
    "begin" : 452,
    "end" : 460,
    "inCoref" : false
  }, {
    "id" : "s1-m4",
    "properties" : {
      "SIRE_MENTION_ROLE" : "CIDADE",
      "SIRE_ENTITY_SUBTYPE" : "NONE",
      "SIRE_MENTION_TYPE" : "NONE",
      "SIRE_MENTION_CLASS" : "SPC"
    },
    "type" : "CIDADE",
    "begin" : 473,
    "end" : 484,
    "inCoref" : false
  }, {
    "id" : "s1-m5",
    "properties" : {
      "SIRE_MENTION_ROLE" : "BAIRRO",
      "SIRE_ENTITY_SUBTYPE" : "NONE",
      "SIRE_MENTION_TYPE" : "NONE",
      "SIRE_MENTION_CLASS" : "SPC"
    },
    "type" : "BAIRRO",
    "begin" : 511,
    "end" : 521,
    "inCoref" : false
  }, {
    "id" : "s1-m6",
    "properties" : {
      "SIRE_MENTION_ROLE" : "ENDERECO",
      "SIRE_ENTITY_SUBTYPE" : "NONE",
      "SIRE_MENTION_TYPE" : "NONE",
      "SIRE_MENTION_CLASS" : "SPC"
    },
    "type" : "ENDERECO",
    "begin" : 527,
    "end" : 538,
    "inCoref" : false
  }, {
    "id" : "s1-m7",
    "properties" : {
      "SIRE_MENTION_ROLE" : "ESTADO",
      "SIRE_ENTITY_SUBTYPE" : "NONE",
      "SIRE_MENTION_TYPE" : "NONE",
      "SIRE_MENTION_CLASS" : "SPC"
    },
    "type" : "ESTADO",
    "begin" : 553,
    "end" : 567,
    "inCoref" : false
  }, {
    "id" : "s2-m5",
    "properties" : {
      "SIRE_MENTION_ROLE" : "PARTE",
      "SIRE_ENTITY_SUBTYPE" : "NONE",
      "SIRE_MENTION_TYPE" : "NONE",
      "SIRE_MENTION_CLASS" : "GEN"
    },
    "type" : "PARTE",
    "begin" : 569,
    "end" : 575,
    "inCoref" : false
  }, {
    "id" : "s2-m1",
    "properties" : {
      "SIRE_MENTION_ROLE" : "RG",
      "SIRE_ENTITY_SUBTYPE" : "NONE",
      "SIRE_MENTION_TYPE" : "NONE",
      "SIRE_MENTION_CLASS" : "SPC"
    },
    "type" : "RG",
    "begin" : 606,
    "end" : 618,
    "inCoref" : false
  }, {
    "id" : "s2-m2",
    "properties" : {
      "SIRE_MENTION_ROLE" : "CPF",
      "SIRE_ENTITY_SUBTYPE" : "NONE",
      "SIRE_MENTION_TYPE" : "NONE",
      "SIRE_MENTION_CLASS" : "SPC"
    },
    "type" : "CPF",
    "begin" : 624,
    "end" : 635,
    "inCoref" : false
  }, {
    "id" : "s2-m3",
    "properties" : {
      "SIRE_MENTION_ROLE" : "CTPS",
      "SIRE_ENTITY_SUBTYPE" : "NONE",
      "SIRE_MENTION_TYPE" : "NONE",
      "SIRE_MENTION_CLASS" : "SPC"
    },
    "type" : "CTPS",
    "begin" : 639,
    "end" : 650,
    "inCoref" : false
  }, {
    "id" : "s2-m4",
    "properties" : {
      "SIRE_MENTION_ROLE" : "CTPS",
      "SIRE_ENTITY_SUBTYPE" : "NONE",
      "SIRE_MENTION_TYPE" : "NONE",
      "SIRE_MENTION_CLASS" : "SPC"
    },
    "type" : "CTPS",
    "begin" : 657,
    "end" : 665,
    "inCoref" : false
  }, {
    "id" : "s7-m1",
    "properties" : {
      "SIRE_MENTION_ROLE" : "PARTE",
      "SIRE_ENTITY_SUBTYPE" : "NONE",
      "SIRE_MENTION_TYPE" : "NONE",
      "SIRE_MENTION_CLASS" : "SPC"
    },
    "type" : "PARTE",
    "begin" : 1046,
    "end" : 1056,
    "inCoref" : false
  }, {
    "id" : "s7-m2",
    "properties" : {
      "SIRE_MENTION_ROLE" : "PARTE",
      "SIRE_ENTITY_SUBTYPE" : "NONE",
      "SIRE_MENTION_TYPE" : "NONE",
      "SIRE_MENTION_CLASS" : "SPC"
    },
    "type" : "PARTE",
    "begin" : 1147,
    "end" : 1156,
    "inCoref" : false
  }, {
    "id" : "s7-m3",
    "properties" : {
      "SIRE_MENTION_ROLE" : "PROFISSAO",
      "SIRE_ENTITY_SUBTYPE" : "NONE",
      "SIRE_MENTION_TYPE" : "NONE",
      "SIRE_MENTION_CLASS" : "SPC"
    },
    "type" : "PROFISSAO",
    "begin" : 1171,
    "end" : 1184,
    "inCoref" : false
  }, {
    "id" : "s9-m1",
    "properties" : {
      "SIRE_MENTION_ROLE" : "EMPRESA",
      "SIRE_ENTITY_SUBTYPE" : "NONE",
      "SIRE_MENTION_TYPE" : "NONE",
      "SIRE_MENTION_CLASS" : "GEN"
    },
    "type" : "EMPRESA",
    "begin" : 1271,
    "end" : 1277,
    "inCoref" : false
  }, {
    "id" : "s9-m2",
    "properties" : {
      "SIRE_MENTION_ROLE" : "CIDADE",
      "SIRE_ENTITY_SUBTYPE" : "NONE",
      "SIRE_MENTION_TYPE" : "NONE",
      "SIRE_MENTION_CLASS" : "SPC"
    },
    "type" : "CIDADE",
    "begin" : 1303,
    "end" : 1311,
    "inCoref" : false
  }, {
    "id" : "s9-m3",
    "properties" : {
      "SIRE_MENTION_ROLE" : "PARTE",
      "SIRE_ENTITY_SUBTYPE" : "NONE",
      "SIRE_MENTION_TYPE" : "NONE",
      "SIRE_MENTION_CLASS" : "SPC"
    },
    "type" : "PARTE",
    "begin" : 1323,
    "end" : 1333,
    "inCoref" : false
  }, {
    "id" : "s9-m4",
    "properties" : {
      "SIRE_MENTION_ROLE" : "PARTE",
      "SIRE_ENTITY_SUBTYPE" : "NONE",
      "SIRE_MENTION_TYPE" : "NONE",
      "SIRE_MENTION_CLASS" : "SPC"
    },
    "type" : "PARTE",
    "begin" : 1368,
    "end" : 1377,
    "inCoref" : false
  }, {
    "id" : "s9-m5",
    "properties" : {
      "SIRE_MENTION_ROLE" : "EMPRESA",
      "SIRE_ENTITY_SUBTYPE" : "NONE",
      "SIRE_MENTION_TYPE" : "NONE",
      "SIRE_MENTION_CLASS" : "GEN"
    },
    "type" : "EMPRESA",
    "begin" : 1426,
    "end" : 1456,
    "inCoref" : false
  }, {
    "id" : "s9-m6",
    "properties" : {
      "SIRE_MENTION_ROLE" : "ESTADO",
      "SIRE_ENTITY_SUBTYPE" : "NONE",
      "SIRE_MENTION_TYPE" : "NONE",
      "SIRE_MENTION_CLASS" : "GEN"
    },
    "type" : "ESTADO",
    "begin" : 1487,
    "end" : 1493,
    "inCoref" : false
  }, {
    "id" : "s9-m7",
    "properties" : {
      "SIRE_MENTION_ROLE" : "ESTADO",
      "SIRE_ENTITY_SUBTYPE" : "NONE",
      "SIRE_MENTION_TYPE" : "NONE",
      "SIRE_MENTION_CLASS" : "GEN"
    },
    "type" : "ESTADO",
    "begin" : 1500,
    "end" : 1505,
    "inCoref" : false
  }, {
    "id" : "s11-m1",
    "properties" : {
      "SIRE_MENTION_ROLE" : "PARTE",
      "SIRE_ENTITY_SUBTYPE" : "NONE",
      "SIRE_MENTION_TYPE" : "NONE",
      "SIRE_MENTION_CLASS" : "SPC"
    },
    "type" : "PARTE",
    "begin" : 1591,
    "end" : 1600,
    "inCoref" : false
  }, {
    "id" : "s11-m2",
    "properties" : {
      "SIRE_MENTION_ROLE" : "CARGA_HORARIA",
      "SIRE_ENTITY_SUBTYPE" : "NONE",
      "SIRE_MENTION_TYPE" : "NONE",
      "SIRE_MENTION_CLASS" : "SPC"
    },
    "type" : "CARGA_HORARIA",
    "begin" : 1615,
    "end" : 1657,
    "inCoref" : false
  }, {
    "id" : "s11-m3",
    "properties" : {
      "SIRE_MENTION_ROLE" : "CARGA_HORARIA",
      "SIRE_ENTITY_SUBTYPE" : "NONE",
      "SIRE_MENTION_TYPE" : "NONE",
      "SIRE_MENTION_CLASS" : "SPC"
    },
    "type" : "CARGA_HORARIA",
    "begin" : 1662,
    "end" : 1677,
    "inCoref" : false
  }, {
    "id" : "s11-m4",
    "properties" : {
      "SIRE_MENTION_ROLE" : "INTERVALO",
      "SIRE_ENTITY_SUBTYPE" : "NONE",
      "SIRE_MENTION_TYPE" : "NONE",
      "SIRE_MENTION_CLASS" : "SPC"
    },
    "type" : "INTERVALO",
    "begin" : 1720,
    "end" : 1733,
    "inCoref" : false
  }, {
    "id" : "s11-m5",
    "properties" : {
      "SIRE_MENTION_ROLE" : "CARGA_HORARIA",
      "SIRE_ENTITY_SUBTYPE" : "NONE",
      "SIRE_MENTION_TYPE" : "NONE",
      "SIRE_MENTION_CLASS" : "SPC"
    },
    "type" : "CARGA_HORARIA",
    "begin" : 1758,
    "end" : 1775,
    "inCoref" : false
  }, {
    "id" : "s13-m2",
    "properties" : {
      "SIRE_MENTION_ROLE" : "FREQ_SALARIO",
      "SIRE_ENTITY_SUBTYPE" : "NONE",
      "SIRE_MENTION_TYPE" : "NONE",
      "SIRE_MENTION_CLASS" : "SPC"
    },
    "type" : "FREQ_SALARIO",
    "begin" : 1843,
    "end" : 1849,
    "inCoref" : false
  }, {
    "id" : "s13-m1",
    "properties" : {
      "SIRE_MENTION_ROLE" : "SALARIO",
      "SIRE_ENTITY_SUBTYPE" : "NONE",
      "SIRE_MENTION_TYPE" : "NONE",
      "SIRE_MENTION_CLASS" : "SPC"
    },
    "type" : "SALARIO",
    "begin" : 1853,
    "end" : 1869,
    "inCoref" : false
  }, {
    "id" : "s15-m1",
    "properties" : {
      "SIRE_MENTION_ROLE" : "PARTE",
      "SIRE_ENTITY_SUBTYPE" : "NONE",
      "SIRE_MENTION_TYPE" : "NONE",
      "SIRE_MENTION_CLASS" : "GEN"
    },
    "type" : "PARTE",
    "begin" : 2056,
    "end" : 2062,
    "inCoref" : false
  }, {
    "id" : "s15-m2",
    "properties" : {
      "SIRE_MENTION_ROLE" : "PARTE",
      "SIRE_ENTITY_SUBTYPE" : "NONE",
      "SIRE_MENTION_TYPE" : "NONE",
      "SIRE_MENTION_CLASS" : "GEN"
    },
    "type" : "PARTE",
    "begin" : 2120,
    "end" : 2125,
    "inCoref" : false
  }, {
    "id" : "s15-m3",
    "properties" : {
      "SIRE_MENTION_ROLE" : "PRAZO_DE_AVISO_PREVIO",
      "SIRE_ENTITY_SUBTYPE" : "NONE",
      "SIRE_MENTION_TYPE" : "NONE",
      "SIRE_MENTION_CLASS" : "SPC"
    },
    "type" : "PRAZO_DE_AVISO_PREVIO",
    "begin" : 2173,
    "end" : 2203,
    "inCoref" : false
  } ],
  "relations" : [ {
    "id" : "s0-r1",
    "properties" : { },
    "type" : "localizadaEm",
    "args" : [ "s0-m1", "s0-m2" ]
  }, {
    "id" : "s0-r2",
    "properties" : { },
    "type" : "localizadaEm",
    "args" : [ "s0-m1", "s0-m3" ]
  }, {
    "id" : "s0-r3",
    "properties" : { },
    "type" : "localizadaEm",
    "args" : [ "s0-m1", "s0-m4" ]
  }, {
    "id" : "s0-r4",
    "properties" : { },
    "type" : "localizadaEm",
    "args" : [ "s0-m1", "s0-m5" ]
  }, {
    "id" : "s0-r5",
    "properties" : { },
    "type" : "localizadaEm",
    "args" : [ "s0-m1", "s0-m6" ]
  }, {
    "id" : "s0-r6",
    "properties" : { },
    "type" : "cnpjDe",
    "args" : [ "s0-m7", "s0-m1" ]
  }, {
    "id" : "s0-r7",
    "properties" : { },
    "type" : "representa",
    "args" : [ "s0-m8", "s0-m1" ]
  }, {
    "id" : "s0-r8",
    "properties" : { },
    "type" : "documentoDe",
    "args" : [ "s0-m9", "s0-m8" ]
  }, {
    "id" : "s0-r9",
    "properties" : { },
    "type" : "documentoDe",
    "args" : [ "s0-m10", "s0-m8" ]
  }, {
    "id" : "s0-r10",
    "properties" : { },
    "type" : "residenteDe",
    "args" : [ "s0-m8", "s0-m11" ]
  }, {
    "id" : "s0-r11",
    "properties" : { },
    "type" : "residenteDe",
    "args" : [ "s0-m8", "s0-m12" ]
  }, {
    "id" : "s0-r12",
    "properties" : { },
    "type" : "residenteDe",
    "args" : [ "s0-m8", "s0-m13" ]
  }, {
    "id" : "s0-r13",
    "properties" : { },
    "type" : "residenteDe",
    "args" : [ "s0-m8", "s0-m14" ]
  }, {
    "id" : "s0-r14",
    "properties" : { },
    "type" : "residenteDe",
    "args" : [ "s0-m8", "s0-m15" ]
  }, {
    "id" : "s1-r1",
    "properties" : { },
    "type" : "profissaoDe",
    "args" : [ "s1-m3", "s1-m1" ]
  }, {
    "id" : "s1-r2",
    "properties" : { },
    "type" : "situacaoCivilDe",
    "args" : [ "s1-m2", "s1-m1" ]
  }, {
    "id" : "s1-r3",
    "properties" : { },
    "type" : "residenteDe",
    "args" : [ "s1-m1", "s1-m4" ]
  }, {
    "id" : "s1-r4",
    "properties" : { },
    "type" : "residenteDe",
    "args" : [ "s1-m1", "s1-m5" ]
  }, {
    "id" : "s1-r5",
    "properties" : { },
    "type" : "residenteDe",
    "args" : [ "s1-m1", "s1-m6" ]
  }, {
    "id" : "s1-r6",
    "properties" : { },
    "type" : "residenteDe",
    "args" : [ "s1-m1", "s1-m7" ]
  }, {
    "id" : "s2-r1",
    "properties" : { },
    "type" : "documentoDe",
    "args" : [ "s2-m1", "s2-m5" ]
  }, {
    "id" : "s2-r2",
    "properties" : { },
    "type" : "documentoDe",
    "args" : [ "s2-m2", "s2-m5" ]
  }, {
    "id" : "s2-r3",
    "properties" : { },
    "type" : "documentoDe",
    "args" : [ "s2-m3", "s2-m5" ]
  }, {
    "id" : "s2-r4",
    "properties" : { },
    "type" : "documentoDe",
    "args" : [ "s2-m4", "s2-m5" ]
  }, {
    "id" : "s7-r1",
    "properties" : { },
    "type" : "profissaoDe",
    "args" : [ "s7-m3", "s7-m2" ]
  }, {
    "id" : "s9-r1",
    "properties" : { },
    "type" : "localizadaEm",
    "args" : [ "s9-m1", "s9-m2" ]
  }, {
    "id" : "s9-r2",
    "properties" : { },
    "type" : "localizadaEm",
    "args" : [ "s9-m5", "s9-m2" ]
  }, {
    "id" : "s9-r3",
    "properties" : { },
    "type" : "representa",
    "args" : [ "s9-m3", "s9-m5" ]
  }, {
    "id" : "s9-r4",
    "properties" : { },
    "type" : "representa",
    "args" : [ "s9-m3", "s9-m1" ]
  }, {
    "id" : "s9-r5",
    "properties" : { },
    "type" : "empregadoDe",
    "args" : [ "s9-m4", "s9-m1" ]
  }, {
    "id" : "s9-r6",
    "properties" : { },
    "type" : "empregadoDe",
    "args" : [ "s9-m4", "s9-m5" ]
  }, {
    "id" : "s13-r1",
    "properties" : { },
    "type" : "pagamento",
    "args" : [ "s13-m1", "s13-m2" ]
  } ],
  "corefs" : [ ],
  "typeResolved" : true,
  "userResolved" : false
}